brand,primary_category_slug,also_in_category_slugs,aliases,ambiguity_class,ambiguity_note,domains,stop_contexts,bare_disabled_forms,source
SystemOne,artist-booking,,systemonesoftware;System One Software,high,"Empact partner. Cloud platform for music booking agencies: artist bookings, offers and holds, contracts, tour advancing, settlements and itineraries (systemonesoftware.com). Not SystemOne LIMS, System One staffing, o",systemonesoftware.com,systemone lims;system one staffing;systemone staffing;system one services;system one tv;systemone.com;system 1;system one thinking,system one,empact-partners-2026-10
Gigwell,artist-booking,,,low,Competitor of an Empact partner in artist-booking.,gigwell.com,,,empact-partners-2026-10
Master Tour,artist-booking,,,medium,Competitor of an Empact partner in artist-booking.,,,,empact-partners-2026-10
ABOSS,artist-booking,,,low,Competitor of an Empact partner in artist-booking.,,,,empact-partners-2026-10
Prism.fm,artist-booking,,,low,Competitor of an Empact partner in artist-booking.,,,,empact-partners-2026-10
Stagent,artist-booking,,,low,Competitor of an Empact partner in artist-booking.,stagent.com,,,empact-partners-2026-10
Artistu,artist-booking,,,low,Competitor of an Empact partner in artist-booking.,artistu.io,,,empact-partners-2026-10
Band Pencil,artist-booking,,,medium,Competitor of an Empact partner in artist-booking.,bandpencil.com,,,empact-partners-2026-10
Slasify,eor-global-payroll,,,low,"Empact partner. Employer of record, global payroll and global contractor management, Asia-first (slasify.com).",slasify.com,,,empact-partners-2026-10
Oyster HR,eor-global-payroll,,,low,Competitor of an Empact partner in eor-global-payroll.,oysterhr.com,,,empact-partners-2026-10
Remote People,eor-global-payroll,,RemotePeople;Remote People EOR,medium,Competitor of an Empact partner in eor-global-payroll.,remotepeople.com,,remote people,empact-partners-2026-10
Skuad,eor-global-payroll,,,low,Competitor of an Empact partner in eor-global-payroll.,skuad.io,,,empact-partners-2026-10
Atlas HXM,eor-global-payroll,,,low,Competitor of an Empact partner in eor-global-payroll.,atlashxm.com,,,empact-partners-2026-10
Payoneer,eor-global-payroll,,,low,Competitor of an Empact partner in eor-global-payroll.,payoneer.com,,,empact-partners-2026-10
Links International,eor-global-payroll,,,medium,Competitor of an Empact partner in eor-global-payroll.,linksinternational.com,,,empact-partners-2026-10
104薪資代管,eor-global-payroll,,,medium,Competitor of an Empact partner in eor-global-payroll.,104.com.tw,,,empact-partners-2026-10
AYP Group,eor-global-payroll,,,low,Competitor of an Empact partner in eor-global-payroll.,ayp-group.com,,,empact-partners-2026-10
Worksuite,eor-global-payroll,,,low,Competitor of an Empact partner in eor-global-payroll.,worksuite.com,,,empact-partners-2026-10
Alliance Risk,commercial-insurance-brokerage,,joinalliancerisk;Alliance Risk Insurance Services;Alliance Risk Insurance;Join Alliance Risk;Expansion Venture Capital;Expansion VC,medium,"Empact partner. US commercial insurance brokerage and risk advisory for mid-market businesses: cyber liability, management liability (D&O, E&O, EPLI), liquor liability and related lines across about twenty industries",joinalliancerisk.com;expansionvc.com,nato;military alliance;alliance risk of;rebel alliance,,empact-partners-2026-10
Coalition,commercial-insurance-brokerage,,Coalition Insurance;Coalition Cyber,high,Competitor of an Empact partner in commercial-insurance-brokerage.,coalitioninc.com,,coalition,empact-partners-2026-10
At-Bay,commercial-insurance-brokerage,,,medium,Competitor of an Empact partner in commercial-insurance-brokerage.,at-bay.com,,,empact-partners-2026-10
Chubb,commercial-insurance-brokerage,,,low,Competitor of an Empact partner in commercial-insurance-brokerage.,chubb.com,,,empact-partners-2026-10
Cowbell,commercial-insurance-brokerage,,Cowbell Cyber;Cowbell Insurance,high,Competitor of an Empact partner in commercial-insurance-brokerage.,cowbell.insure,,cowbell,empact-partners-2026-10
Beazley,commercial-insurance-brokerage,,,low,Competitor of an Empact partner in commercial-insurance-brokerage.,beazley.com,,,empact-partners-2026-10
biBERK,commercial-insurance-brokerage,,,low,Competitor of an Empact partner in commercial-insurance-brokerage.,biberk.com,,,empact-partners-2026-10
Hiscox,commercial-insurance-brokerage,,,low,Competitor of an Empact partner in commercial-insurance-brokerage.,hiscox.com,,,empact-partners-2026-10
The Hartford,commercial-insurance-brokerage,,,low,Competitor of an Empact partner in commercial-insurance-brokerage.,thehartford.com,,,empact-partners-2026-10
AIG,commercial-insurance-brokerage,,,medium,Competitor of an Empact partner in commercial-insurance-brokerage.,aig.com,,,empact-partners-2026-10
Allianz Commercial,commercial-insurance-brokerage,,,low,Competitor of an Empact partner in commercial-insurance-brokerage.,,,,empact-partners-2026-10
AXA XL,commercial-insurance-brokerage,,,low,Competitor of an Empact partner in commercial-insurance-brokerage.,axaxl.com,,,empact-partners-2026-10
AXIS,commercial-insurance-brokerage,,AXIS Capital;AXIS Insurance,high,Competitor of an Empact partner in commercial-insurance-brokerage.,axiscapital.com,,axis,empact-partners-2026-10
Berkley,commercial-insurance-brokerage,,,low,Competitor of an Empact partner in commercial-insurance-brokerage.,,,,empact-partners-2026-10
CNA,commercial-insurance-brokerage,,CNA Insurance;CNA Financial,high,Competitor of an Empact partner in commercial-insurance-brokerage.,cna.com,,cna,empact-partners-2026-10
Corvus by Travelers,commercial-insurance-brokerage,,,low,Competitor of an Empact partner in commercial-insurance-brokerage.,,,,empact-partners-2026-10
Embroker,commercial-insurance-brokerage,,,low,Competitor of an Empact partner in commercial-insurance-brokerage.,embroker.com,,,empact-partners-2026-10
Founder Shield,commercial-insurance-brokerage,,,medium,Competitor of an Empact partner in commercial-insurance-brokerage.,foundershield.com,,,empact-partners-2026-10
Founders Insurance,commercial-insurance-brokerage,,,low,Competitor of an Empact partner in commercial-insurance-brokerage.,foundersinsurance.com,,,empact-partners-2026-10
Gallagher,commercial-insurance-brokerage,,,low,Competitor of an Empact partner in commercial-insurance-brokerage.,,,,empact-partners-2026-10
Great American Insurance,commercial-insurance-brokerage,,Great American Insurance Group,medium,Competitor of an Empact partner in commercial-insurance-brokerage.,gaig.com,,,empact-partners-2026-10
HDI Global,commercial-insurance-brokerage,,,low,Competitor of an Empact partner in commercial-insurance-brokerage.,,,,empact-partners-2026-10
Insureon,commercial-insurance-brokerage,,,low,Competitor of an Empact partner in commercial-insurance-brokerage.,insureon.com,,,empact-partners-2026-10
Liberty Mutual,commercial-insurance-brokerage,,,medium,Competitor of an Empact partner in commercial-insurance-brokerage.,libertymutual.com,,,empact-partners-2026-10
Markel,commercial-insurance-brokerage,,,low,Competitor of an Empact partner in commercial-insurance-brokerage.,markel.com,,,empact-partners-2026-10
Marsh McLennan Agency,commercial-insurance-brokerage,,,low,Competitor of an Empact partner in commercial-insurance-brokerage.,,,,empact-partners-2026-10
Nationwide,commercial-insurance-brokerage,,Nationwide Insurance;Nationwide Mutual,high,Competitor of an Empact partner in commercial-insurance-brokerage.,nationwide.com,,nationwide,empact-partners-2026-10
Newfront,commercial-insurance-brokerage,,,low,Competitor of an Empact partner in commercial-insurance-brokerage.,newfront.com,,,empact-partners-2026-10
Next Insurance,commercial-insurance-brokerage,,NEXT Insurance Inc;nextinsurance,medium,Competitor of an Empact partner in commercial-insurance-brokerage.,nextinsurance.com,,next insurance,empact-partners-2026-10
Simply Business,commercial-insurance-brokerage,,,medium,Competitor of an Empact partner in commercial-insurance-brokerage.,simplybusiness.com,,,empact-partners-2026-10
Society Insurance,commercial-insurance-brokerage,,,medium,Competitor of an Empact partner in commercial-insurance-brokerage.,societyinsurance.com,,,empact-partners-2026-10
Thimble,commercial-insurance-brokerage,,Thimble Insurance,high,Competitor of an Empact partner in commercial-insurance-brokerage.,thimble.com,,thimble,empact-partners-2026-10
Travelers,commercial-insurance-brokerage,,,low,Competitor of an Empact partner in commercial-insurance-brokerage.,travelers.com,,,empact-partners-2026-10
Vouch,commercial-insurance-brokerage,,Vouch Insurance,high,Competitor of an Empact partner in commercial-insurance-brokerage.,vouch.us,,vouch,empact-partners-2026-10
Woodruff Sawyer,commercial-insurance-brokerage,,,medium,Competitor of an Empact partner in commercial-insurance-brokerage.,woodruffsawyer.com,,,empact-partners-2026-10
Zurich,commercial-insurance-brokerage,,,low,Competitor of an Empact partner in commercial-insurance-brokerage.,,,,empact-partners-2026-10
Specialty Insurance,recreation-entertainment-insurance,,specialtyinsurancesc;Specialty Insurance Services USA;Specialty Insurance Services;Specialty Insurance LLC;Specialty Insurance SC,high,"Empact partner. Specialty Insurance Services USA (specialtyinsurancesc.com): a US insurance program for recreation and entertainment businesses (paintball fields, trampoline parks, gun and archery ranges, axe throwin",specialtyinsurancesc.com,,specialty insurance;specialty insurance services,empact-partners-2026-10
K&K Insurance,recreation-entertainment-insurance,,,medium,Competitor of an Empact partner in recreation-entertainment-insurance.,,,,empact-partners-2026-10
Cossio Insurance Agency,recreation-entertainment-insurance,,,low,Competitor of an Empact partner in recreation-entertainment-insurance.,,,,empact-partners-2026-10
Prime Insurance,recreation-entertainment-insurance,,Prime Insurance Company,medium,Competitor of an Empact partner in recreation-entertainment-insurance.,primeis.com,,prime insurance,empact-partners-2026-10
Sadler Sports & Recreation,recreation-entertainment-insurance,,,low,Competitor of an Empact partner in recreation-entertainment-insurance.,,,,empact-partners-2026-10
HUB International,recreation-entertainment-insurance,,,medium,Competitor of an Empact partner in recreation-entertainment-insurance.,hubinternational.com,,,empact-partners-2026-10
American Specialty Insurance,recreation-entertainment-insurance,,,medium,Competitor of an Empact partner in recreation-entertainment-insurance.,americanspecialty.com,,,empact-partners-2026-10
AxeThrowingInsurance.com,recreation-entertainment-insurance,,,low,Competitor of an Empact partner in recreation-entertainment-insurance.,,,,empact-partners-2026-10
ESP Specialty,recreation-entertainment-insurance,,,low,Competitor of an Empact partner in recreation-entertainment-insurance.,espspecialty.com,,,empact-partners-2026-10
Granite Insurance,recreation-entertainment-insurance,,,medium,Competitor of an Empact partner in recreation-entertainment-insurance.,graniteinsurance.com,,,empact-partners-2026-10
Insurance Allies,recreation-entertainment-insurance,,,medium,Competitor of an Empact partner in recreation-entertainment-insurance.,insuranceallies.com,,,empact-partners-2026-10
Kelly Insurance Group,recreation-entertainment-insurance,,,medium,Competitor of an Empact partner in recreation-entertainment-insurance.,kellyinsurancegroup.com,,,empact-partners-2026-10
Leavitt Group,recreation-entertainment-insurance,,,low,Competitor of an Empact partner in recreation-entertainment-insurance.,,,,empact-partners-2026-10
McGowan Allied Specialty,recreation-entertainment-insurance,,,low,Competitor of an Empact partner in recreation-entertainment-insurance.,,,,empact-partners-2026-10
Philadelphia Insurance,recreation-entertainment-insurance,,,low,Competitor of an Empact partner in recreation-entertainment-insurance.,,,,empact-partners-2026-10
Pro Insurance Group,recreation-entertainment-insurance,,,medium,Competitor of an Empact partner in recreation-entertainment-insurance.,,,,empact-partners-2026-10
Ryan Specialty,recreation-entertainment-insurance,,,low,Competitor of an Empact partner in recreation-entertainment-insurance.,ryanspecialty.com,,,empact-partners-2026-10
SterlingRisk,recreation-entertainment-insurance,,,low,Competitor of an Empact partner in recreation-entertainment-insurance.,sterlingrisk.com,,,empact-partners-2026-10
Veracity Insurance,recreation-entertainment-insurance,,,medium,Competitor of an Empact partner in recreation-entertainment-insurance.,veracityinsurance.com,,,empact-partners-2026-10
XINSURANCE,recreation-entertainment-insurance,,,low,Competitor of an Empact partner in recreation-entertainment-insurance.,xinsurance.com,,,empact-partners-2026-10
Clementine ABA,aba-therapy,,clementineaba;Clementine Autism;Clementine,high,"Empact partner. Clementine ABA (clementineaba.com): an applied behaviour analysis (ABA) therapy provider for autistic children and their families, hiring BCBAs and RBTs. 'Clementine' alone (the fruit, the name) is no",clementineaba.com,,,empact-partners-2026-10
Hopebridge,aba-therapy,,,low,Competitor of an Empact partner in aba-therapy.,,,,empact-partners-2026-10
Centria Autism,aba-therapy,,,low,Competitor of an Empact partner in aba-therapy.,,,,empact-partners-2026-10
Action Behavior Centers,aba-therapy,,,low,Competitor of an Empact partner in aba-therapy.,,,,empact-partners-2026-10
BlueSprig,aba-therapy,,,low,Competitor of an Empact partner in aba-therapy.,,,,empact-partners-2026-10
Autism Learning Partners,aba-therapy,,,low,Competitor of an Empact partner in aba-therapy.,,,,empact-partners-2026-10
LEARN Behavioral,aba-therapy,,,low,Competitor of an Empact partner in aba-therapy.,,,,empact-partners-2026-10
Proud Moments ABA,aba-therapy,,,low,Competitor of an Empact partner in aba-therapy.,,,,empact-partners-2026-10
Behavioral Innovations,aba-therapy,,,low,Competitor of an Empact partner in aba-therapy.,,,,empact-partners-2026-10
Caravel Autism Health,aba-therapy,,,medium,Competitor of an Empact partner in aba-therapy.,,,,empact-partners-2026-10
Trumpet Behavioral Health,aba-therapy,,,medium,Competitor of an Empact partner in aba-therapy.,,,,empact-partners-2026-10
Lighthouse Autism Center,aba-therapy,,,medium,Competitor of an Empact partner in aba-therapy.,,,,empact-partners-2026-10
ABS Kids,aba-therapy,,,low,Competitor of an Empact partner in aba-therapy.,,,,empact-partners-2026-10
Positive Behavior Supports,aba-therapy,,,low,Competitor of an Empact partner in aba-therapy.,,,,empact-partners-2026-10
Kyo Autism Therapy,aba-therapy,,,low,Competitor of an Empact partner in aba-therapy.,,,,empact-partners-2026-10
Florida Autism Center,aba-therapy,,,medium,Competitor of an Empact partner in aba-therapy.,,,,empact-partners-2026-10
1000xStocks,investment-research,,1000X Stocks;1000x Stocks,medium,"Empact partner. 1000xStocks (1000xstocks.com): a stock research platform for individual investors: valuation, financial statements, earnings calls, SEC filings, screening and three-year projections for US equities. T",1000xstocks.com,next 1000x;find 1000x;potential 1000x;1000x stocks to;1000x stocks that;1000x gains;1000x returns,,empact-partners-2026-10
Yahoo Finance,investment-research,,,medium,Competitor of an Empact partner in investment-research.,,,,empact-partners-2026-10
Morningstar,investment-research,,,low,Competitor of an Empact partner in investment-research.,morningstar.com,,,empact-partners-2026-10
wecantrack,affiliate-referral-marketing,,WeCanTrack,low,Empact partner; a coined name. The phrase alias 'We Can Track' was dropped in review.,wecantrack.com,,,empact-partners-2026-10
Trackonomics,affiliate-referral-marketing,,,low,Competitor of an Empact partner in affiliate-referral-marketing.,trackonomics.net,,,empact-partners-2026-10
Affluent,affiliate-referral-marketing,,Affluent.io,high,Competitor of an Empact partner in affiliate-referral-marketing.,affluent.io,,affluent,empact-partners-2026-10
Affilimate,affiliate-referral-marketing,,,low,Competitor of an Empact partner in affiliate-referral-marketing.,affilimate.com,,,empact-partners-2026-10
Strackr,affiliate-referral-marketing,,,low,Competitor of an Empact partner in affiliate-referral-marketing.,strackr.com,,,empact-partners-2026-10
Metaview,recruiting,,Metaview AI;Fillmore,high,"Empact partner. Metaview (metaview.ai): AI for recruiting teams: interview notes, candidate screening, sourcing and scheduling; Fillmore is its AI recruiting agent. Not Meta's VR products, not the venue The Fillmore.",metaview.ai,the fillmore;fillmore east;fillmore west;fillmore street;millard fillmore;fillmore auditorium;fillmore detroit;fillmore philadelphia;fillmore miami;fillmore charlotte;fillmore minneapolis;fillmore new orleans;fillmore silver spring;fillmore district,,empact-partners-2026-10
LinkedIn Recruiter,recruiting,,,low,Competitor of an Empact partner in recruiting.,,,,empact-partners-2026-10
SourceWhale,recruiting,,,low,Competitor of an Empact partner in recruiting.,sourcewhale.com,,,empact-partners-2026-10
Eightfold AI,recruiting,,,medium,Competitor of an Empact partner in recruiting.,,,,empact-partners-2026-10
Access Vincere,recruiting,,,low,Competitor of an Empact partner in recruiting.,,,,empact-partners-2026-10
PeopleGPT,recruiting,,,low,Competitor of an Empact partner in recruiting.,,,,empact-partners-2026-10
Beamery,recruiting,,,low,Competitor of an Empact partner in recruiting.,beamery.com,,,empact-partners-2026-10
candidate.fyi,recruiting,,,low,Competitor of an Empact partner in recruiting.,,,,empact-partners-2026-10
Sapia.ai,recruiting,,,low,Competitor of an Empact partner in recruiting.,,,,empact-partners-2026-10
Honeit,recruiting,,,low,Competitor of an Empact partner in recruiting.,honeit.com,,,empact-partners-2026-10
Vervoe,recruiting,,,low,Competitor of an Empact partner in recruiting.,vervoe.com,,,empact-partners-2026-10
Apriora,recruiting,,,low,Competitor of an Empact partner in recruiting.,,,,empact-partners-2026-10
HireLogic,recruiting,,,low,Competitor of an Empact partner in recruiting.,hirelogic.com,,,empact-partners-2026-10
Lehire,recruiting,,,low,Competitor of an Empact partner in recruiting.,lehire.io,,,empact-partners-2026-10
Noon,recruiting,,Noon AI,high,Competitor of an Empact partner in recruiting.,noon.ai,,noon,empact-partners-2026-10
Ribbon,recruiting,,Ribbon AI,high,Competitor of an Empact partner in recruiting.,ribbon.ai,,ribbon,empact-partners-2026-10
Lingo App,digital-asset-management,,lingoapp;Lingo DAM,high,"Empact partner. Lingo (lingoapp.com), the digital asset management app from The Noun Project: a lighter-weight DAM for organising and sharing brand-approved assets, with a focus on cannabis brands sharing assets with",lingoapp.com,lingo.dev;lingo dev;industry lingo;local lingo;learn the lingo;lingo bingo;lingodeer;lingopie;lingoda;lingokids;lingq;lingo game show;lingo (game;abbott lingo;lingo biosensor;lingo cgm;lingo glucose,lingo,empact-partners-2026-10
Marq,digital-asset-management,,,medium,Competitor of an Empact partner in digital-asset-management.,marq.com,,,empact-partners-2026-10
Akeneo,digital-asset-management,,,low,Competitor of an Empact partner in digital-asset-management.,akeneo.com,,,empact-partners-2026-10
Pimberly,digital-asset-management,,,low,Competitor of an Empact partner in digital-asset-management.,pimberly.com,,,empact-partners-2026-10
inRiver,digital-asset-management,,,low,Competitor of an Empact partner in digital-asset-management.,inriver.com,,,empact-partners-2026-10
Syndigo,digital-asset-management,,,low,Competitor of an Empact partner in digital-asset-management.,syndigo.com,,,empact-partners-2026-10
DevRev,help-desk,itsm,Computer by DevRev,low,"Empact partner. DevRev (devrev.ai): an AI-native platform for customer support, IT service management and product teams, built around Computer, its AI teammate (computer.io).",devrev.ai;computer.io,,,empact-partners-2026-10
Jira Software,help-desk,,,low,Competitor of an Empact partner in help-desk.,,,,empact-partners-2026-10
Jira Service Management,help-desk,,JSM,low,Competitor of an Empact partner in help-desk.,,,,empact-partners-2026-10
Zoho Desk,help-desk,,,low,Competitor of an Empact partner in help-desk.,,,,empact-partners-2026-10
Microsoft 365,help-desk,,,low,Competitor of an Empact partner in help-desk.,,,,empact-partners-2026-10
ManageEngine ServiceDesk Plus,help-desk,,,low,Competitor of an Empact partner in help-desk.,,,,empact-partners-2026-10
Salesloft,help-desk,,,low,Competitor of an Empact partner in help-desk.,salesloft.com,,,empact-partners-2026-10
ZoomInfo,help-desk,,,low,Competitor of an Empact partner in help-desk.,zoominfo.com,,,empact-partners-2026-10
Atomicwork,help-desk,,,low,Competitor of an Empact partner in help-desk.,atomicwork.com,,,empact-partners-2026-10
Clari,help-desk,,,low,Competitor of an Empact partner in help-desk.,clari.com,,,empact-partners-2026-10
Freshworks,help-desk,,,low,Competitor of an Empact partner in help-desk.,freshworks.com,,,empact-partners-2026-10
Microsoft Copilot Studio,help-desk,,,low,Competitor of an Empact partner in help-desk.,,,,empact-partners-2026-10
Rollstack,help-desk,,,low,Competitor of an Empact partner in help-desk.,rollstack.com,,,empact-partners-2026-10
eesel AI,help-desk,,,low,Competitor of an Empact partner in help-desk.,,,,empact-partners-2026-10
Matik,help-desk,,,low,Competitor of an Empact partner in help-desk.,matik.io,,,empact-partners-2026-10
Canny,help-desk,,Canny.io,high,Competitor of an Empact partner in help-desk.,canny.io,,canny,empact-partners-2026-10
Enterpret,help-desk,,,low,Competitor of an Empact partner in help-desk.,enterpret.com,,,empact-partners-2026-10
Genesys,help-desk,,,low,Competitor of an Empact partner in help-desk.,genesys.com,,,empact-partners-2026-10
Gainsight,help-desk,,,low,Competitor of an Empact partner in help-desk.,gainsight.com,,,empact-partners-2026-10
Lorikeet,help-desk,,Lorikeet AI;Lorikeet CX,high,Competitor of an Empact partner in help-desk.,,,lorikeet,empact-partners-2026-10
Seismic,sales-enablement,,Seismic Software,high,Competitor of an Empact partner in help-desk.,seismic.com,,seismic,empact-partners-2026-10
WordPress,website-builders,,,low,Competitor of an Empact partner in website-builders.,wordpress.org,,,empact-partners-2026-10
Replit,website-builders,,,low,Competitor of an Empact partner in website-builders.,replit.com,,,empact-partners-2026-10
Cargo,website-builders,,Cargo.site;Cargo Collective,high,Competitor of an Empact partner in website-builders.,cargo.site,,cargo,empact-partners-2026-10
Figma Sites,website-builders,,,low,Competitor of an Empact partner in website-builders.,,,,empact-partners-2026-10
BILL Spend & Expense,expense-management,,Bill.com;BILL Spend,medium,Competitor of an Empact partner in expense-management.,bill.com,,bill,empact-partners-2026-10
SAP Concur,expense-management,,Concur;Concur Expense,medium,Competitor of an Empact partner in expense-management.,concur.com,,concur,empact-partners-2026-10
Emburse,expense-management,,,low,Competitor of an Empact partner in expense-management.,emburse.com,,,empact-partners-2026-10
Airwallex,expense-management,,,low,Competitor of an Empact partner in expense-management.,airwallex.com,,,empact-partners-2026-10
Egencia,expense-management,,,low,Competitor of an Empact partner in expense-management.,egencia.com,,,empact-partners-2026-10
Hubdoc,expense-management,,,low,Competitor of an Empact partner in expense-management.,hubdoc.com,,,empact-partners-2026-10
Smart Receipts,expense-management,,,medium,Competitor of an Empact partner in expense-management.,smartreceipts.co,,,empact-partners-2026-10
TravelPerk,expense-management,,,low,Competitor of an Empact partner in expense-management.,,,,empact-partners-2026-10
AutoEntry,expense-management,,,low,Competitor of an Empact partner in expense-management.,autoentry.com,,,empact-partners-2026-10
Canon imageFORMULA,expense-management,,,low,Competitor of an Empact partner in expense-management.,,,,empact-partners-2026-10
Engine,expense-management,,Engine.com;Hotel Engine,high,Competitor of an Empact partner in expense-management.,engine.com,,engine,empact-partners-2026-10
Epson RapidReceipt,expense-management,,,low,Competitor of an Empact partner in expense-management.,,,,empact-partners-2026-10
PEX,expense-management,,PEX Card;pexcard,high,Competitor of an Empact partner in expense-management.,pexcard.com,,pex,empact-partners-2026-10
ScanSnap,expense-management,,,low,Competitor of an Empact partner in expense-management.,,,,empact-partners-2026-10
SparkReceipt,expense-management,,,low,Competitor of an Empact partner in expense-management.,sparkreceipt.com,,,empact-partners-2026-10
Xero Expenses,expense-management,,,low,Competitor of an Empact partner in expense-management.,,,,empact-partners-2026-10
Logmanager,log-management-siem,,LOGmanager;logmanager,high,"Empact partner. Logmanager (logmanager.com, LOGmanager): log management with SIEM capabilities for security and IT operations teams, built in the Czech Republic. Not the LogManager class in Java, Unity or .NET code, ",logmanager.com;logmanager.cz,logmanager.getlogger;logmanager.getlogmanager;java.util.logging;log4j;logmanager::;new logmanager;getlogger,,empact-partners-2026-10
Elastic / ELK,log-management-siem,,ELK stack;Elasticsearch;Kibana,low,Competitor of an Empact partner in log-management-siem.,,,,empact-partners-2026-10
Splunk,log-management-siem,,,low,Competitor of an Empact partner in log-management-siem.,splunk.com,,,empact-partners-2026-10
Grafana Loki,log-management-siem,,Loki,low,Competitor of an Empact partner in log-management-siem.,,,,empact-partners-2026-10
Microsoft Sentinel,log-management-siem,,Azure Sentinel,low,Competitor of an Empact partner in log-management-siem.,,,,empact-partners-2026-10
syslog-ng,log-management-siem,,,low,Competitor of an Empact partner in log-management-siem.,syslog-ng.com,,,empact-partners-2026-10
IBM QRadar,log-management-siem,,,low,Competitor of an Empact partner in log-management-siem.,,,,empact-partners-2026-10
ManageEngine,log-management-siem,,,low,Competitor of an Empact partner in log-management-siem.,manageengine.com,,,empact-partners-2026-10
SolarWinds,log-management-siem,,,low,Competitor of an Empact partner in log-management-siem.,solarwinds.com,,,empact-partners-2026-10
Lative,sales-planning,,Lative AI,medium,"Empact partner. Lative (lative.ai): an AI-native sales planning platform for revenue teams: sales capacity planning, quota modelling, productivity and efficiency analysis and simulations in one live plan. Not the lat",lative.ai;lative.io,lative case;allative;elative;ablative;lative beauty;locative,,empact-partners-2026-10
Workday Adaptive Planning,sales-planning,,,low,Competitor of an Empact partner in sales-planning.,,,,empact-partners-2026-10
TeamOhana,sales-planning,,,low,Competitor of an Empact partner in sales-planning.,teamohana.com,,,empact-partners-2026-10
ChartHop,sales-planning,,,low,Competitor of an Empact partner in sales-planning.,charthop.com,,,empact-partners-2026-10
Varicent,sales-planning,,,low,Competitor of an Empact partner in sales-planning.,varicent.com,,,empact-partners-2026-10
Xactly,sales-planning,,,low,Competitor of an Empact partner in sales-planning.,,,,empact-partners-2026-10
Amazon Web Services,cloud-hosting,,AWS;Amazon Lightsail,low,Competitor of an Empact partner in cloud-hosting.,,,,empact-partners-2026-10
Linode (Akamai Cloud),cloud-hosting,,Linode;Akamai Cloud,low,Competitor of an Empact partner in cloud-hosting.,,,,empact-partners-2026-10
