alias,brand_slug,reason,rejected_pct
edits,edits,own_name_judges_reject>=90pct_n2797,91
best case,best-case,own_name_judges_reject>=90pct_n1754,97
my hours,my-hours,own_name_judges_reject>=90pct_n931,92
things,things,own_name_judges_reject>=90pct_n645,98
explain everything,explain-everything,own_name_judges_reject>=90pct_n502,94
trovo,trovo,own_name_judges_reject>=90pct_n396,95
code blocks,code-blocks,own_name_judges_reject>=90pct_n381,92
when i work,when-i-work,own_name_judges_reject>=90pct_n352,90
register it,register-it,own_name_judges_reject>=90pct_n322,97
plan a,plan-a,own_name_judges_reject>=90pct_n301,97
zus,zus,own_name_judges_reject>=90pct_n169,100
forem,forem,own_name_judges_reject>=90pct_n169,92
end close,end-close,own_name_judges_reject>=90pct_n164,98
automatisch,automatisch,own_name_judges_reject>=90pct_n133,98
second nature,second-nature,own_name_judges_reject>=90pct_n123,98
entrata,entrata,own_name_judges_reject>=90pct_n105,91
upper hand,upper-hand,own_name_judges_reject>=90pct_n92,100
time matters,time-matters,own_name_judges_reject>=90pct_n91,96
rows,rows,own_name_judges_reject>=90pct_n88,94
hour one,hour-one,own_name_judges_reject>=90pct_n86,92
board,board,own_name_judges_reject>=90pct_n83,94
involve me,involve-me,own_name_judges_reject>=90pct_n81,94
supporting cast,supporting-cast,own_name_judges_reject>=90pct_n75,96
contrario,contrario,own_name_judges_reject>=90pct_n69,100
imagino,imagino,own_name_judges_reject>=90pct_n63,98
continue to give,continue-to-give,own_name_judges_reject>=90pct_n60,97
focal point,focal-point,own_name_judges_reject>=90pct_n59,91
soci,soci,own_name_judges_reject>=90pct_n53,100
kodo,kodo,own_name_judges_reject>=90pct_n44,100
line works,line-works,own_name_judges_reject>=90pct_n41,95
lead anywhere,lead-anywhere,own_name_judges_reject>=90pct_n37,100
space and time,space-and-time,own_name_judges_reject>=90pct_n31,97
