category,slug,icon,hex,oklch,contrast_space_black,contrast_snowbelt,dE_loved,dE_hated,dE_nearest_category,min_pairwise_dE,dE_orange,threshold_tier,precision_target_pp,n_min,scorable_subreddits,meets_5_sub_floor
CRM,crm,contact-round,#F8AAC1,oklch(0.819 0.096 0.2),9.9,1.6,0.2468,0.2857,0.0965,0.0927,0.2263,deep,4,600,17,True
Project Management,project-management,square-kanban,#EB377F,oklch(0.632 0.219 2.1),4.63,3.42,0.3746,0.2377,0.0952,0.0927,0.132,standard,5,400,11,True
Accounting,accounting,calculator,#D5788A,oklch(0.680 0.117 8.3),5.92,2.68,0.2615,0.2312,0.0948,0.0927,0.1375,standard,5,400,7,True
HR and HRIS,hr,users-round,#9F8242,oklch(0.620 0.090 85.2),4.94,3.21,0.1955,0.3179,0.0979,0.0927,0.1888,standard,5,400,6,True
Email Marketing,email-marketing,mail,#E8B109,oklch(0.789 0.160 85.8),9.22,1.72,0.1921,0.4168,0.0933,0.0927,0.2192,thin,7,200,8,True
Marketing Automation,marketing-automation,megaphone,#BEA15B,oklch(0.720 0.096 87.5),7.26,2.19,0.151,0.3381,0.0949,0.0927,0.1958,deep,4,600,13,True
Password Managers and Security,password-managers,key-round,#C5CA85,oklch(0.819 0.090 111.7),10.46,1.52,0.1317,0.3822,0.0933,0.0927,0.276,deep,4,600,10,True
Note-taking and Knowledge Management,note-taking,notebook-pen,#93DE04,oklch(0.820 0.220 130),10.91,1.45,0.1443,0.4975,0.1371,0.0927,0.3667,standard,5,400,7,True
Design and Prototyping,design,pen-tool,#6D9935,oklch(0.630 0.138 129.9),5.38,2.95,0.1391,0.3766,0.0979,0.0927,0.2785,deep,4,600,16,True
Video Editing,video-editing,clapperboard,#1A999A,oklch(0.621 0.101 195.7),5.22,3.04,0.149,0.2821,0.1194,0.0927,0.3286,deep,4,600,10,True
Help Desk and Customer Support,help-desk,headset,#79D4E5,oklch(0.819 0.090 211),10.63,1.49,0.131,0.3204,0.0957,0.0927,0.3568,thin,7,200,6,True
ERP,erp,factory,#18B8FF,oklch(0.741 0.155 236.1),8.03,1.97,0.1805,0.2494,0.0981,0.0927,0.3872,thin,7,200,7,True
Business Intelligence and Analytics,business-intelligence,chart-column,#4D7AFF,oklch(0.620 0.204 266.4),4.77,3.33,0.304,0.1327,0.12,0.0927,0.3933,deep,4,600,14,True
eCommerce Platforms,ecommerce,shopping-cart,#7A90CA,oklch(0.659 0.090 267.9),5.74,2.76,0.2081,0.1733,0.1194,0.0927,0.2933,thin,7,200,6,True
Applicant Tracking and Recruiting,recruiting,user-search,#9DB6F5,oklch(0.781 0.095 267.5),8.98,1.77,0.1948,0.229,0.0957,0.0927,0.3205,thin,7,200,8,True
Payroll,payroll,banknote,#FE7AEE,oklch(0.771 0.209 332.2),7.94,2,0.3513,0.1939,0.0927,0.0927,0.2553,thin,7,200,5,True
Cloud Hosting and Infrastructure,cloud-hosting,server,#B169A7,oklch(0.621 0.123 332.1),4.69,3.38,0.2923,0.1509,0.0948,0.0927,0.2094,standard,5,400,15,True
Team Collaboration and Chat,team-chat,messages-square,#D68FCC,oklch(0.741 0.117 331.8),7.45,2.13,0.2586,0.1922,0.0951,0.0927,0.2212,deep,4,600,12,True
Backup and Storage,backup-storage,hard-drive,#D245BF,oklch(0.630 0.220 333.7),4.6,3.45,0.3799,0.135,0.0978,0.0927,0.2324,standard,5,400,8,True
Payment Processing,payment-processing,credit-card,#FE65AD,oklch(0.720 0.199 354),6.6,2.4,0.3405,0.2236,0.0927,0.0927,0.1652,deep,4,600,6,True
