domain,name_family,status,registered_date,checked_date
belovedandbeloathed.com,descriptive,available,,2026-08-04
brandsentimentindex.com,descriptive,available,,2026-08-04
forumverdict.com,descriptive,available,,2026-08-04
lovedandhated.com,descriptive,available,,2026-08-04
lovedorhated.com,descriptive,available,,2026-08-04
lovedvshated.com,descriptive,available,,2026-08-04
mosthatedsoftware.com,descriptive,available,,2026-08-04
mostlovedsoftware.com,descriptive,available,,2026-08-04
snootrack.com,descriptive,available,,2026-08-04
threadsentiment.com,descriptive,available,,2026-08-04
upvotedbrands.com,descriptive,available,,2026-08-04
upvoteindex.com,descriptive,available,,2026-08-04
upvoterank.com,descriptive,available,,2026-08-04
brandsonreddit.com,reddit-trademark,available,,2026-08-04
hatedbyreddit.com,reddit-trademark,available,,2026-08-04
hatedonreddit.com,reddit-trademark,available,,2026-08-04
lovedonreddit.com,reddit-trademark,available,,2026-08-04
redditbarometer.com,reddit-trademark,available,,2026-08-04
redditbrandindex.com,reddit-trademark,available,,2026-08-04
redditbrandpulse.com,reddit-trademark,available,,2026-08-04
redditbrandrankings.com,reddit-trademark,available,,2026-08-04
redditbrandranks.com,reddit-trademark,available,,2026-08-04
redditbrandreport.com,reddit-trademark,available,,2026-08-04
redditbrandreports.com,reddit-trademark,available,,2026-08-04
redditbrandscore.com,reddit-trademark,available,,2026-08-04
redditbrandwatch.com,reddit-trademark,available,,2026-08-04
redditconsensus.com,reddit-trademark,available,,2026-08-04
redditgrade.com,reddit-trademark,available,,2026-08-04
redditgrades.com,reddit-trademark,available,,2026-08-04
redditindex.com,reddit-trademark,available,,2026-08-04
redditlovescore.com,reddit-trademark,available,,2026-08-04
redditopinions.com,reddit-trademark,available,,2026-08-04
redditscorecard.com,reddit-trademark,available,,2026-08-04
redditscores.com,reddit-trademark,available,,2026-08-04
redditsentimentindex.com,reddit-trademark,available,,2026-08-04
redditsoftware.com,reddit-trademark,available,,2026-08-04
redditstack.com,reddit-trademark,available,,2026-08-04
redditthinks.com,reddit-trademark,available,,2026-08-04
redditverdict.com,reddit-trademark,available,,2026-08-04
subredditbrands.com,reddit-trademark,available,,2026-08-04
subredditindex.com,reddit-trademark,available,,2026-08-04
subredditrankings.com,reddit-trademark,available,,2026-08-04
theredditindex.com,reddit-trademark,available,,2026-08-04
theredditrankings.com,reddit-trademark,available,,2026-08-04
theredditverdict.com,reddit-trademark,available,,2026-08-04
lovedbyreddit.com,reddit-trademark,taken,2025-10-20,2026-08-04
redditapproved.com,reddit-trademark,taken,2026-01-20,2026-08-04
redditbrands.com,reddit-trademark,taken,2026-06-07,2026-08-04
redditmentions.com,reddit-trademark,taken,2025-03-14,2026-08-04
redditrank.com,reddit-trademark,taken,2025-07-08,2026-08-04
redditranked.com,reddit-trademark,taken,2025-08-26,2026-08-04
redditrankings.com,reddit-trademark,taken,2026-06-23,2026-08-04
redditranks.com,reddit-trademark,taken,2025-09-10,2026-08-04
redditratings.com,reddit-trademark,taken,2023-03-21,2026-08-04
redditscore.com,reddit-trademark,taken,2026-02-05,2026-08-04
redditsentiment.com,reddit-trademark,taken,2022-12-21,2026-08-04
whatredditthinks.com,reddit-trademark,taken,2026-05-25,2026-08-04
getugcranks.com,ugc-neutral,available,,2026-08-04
theugcindex.com,ugc-neutral,available,,2026-08-04
ugcbarometer.com,ugc-neutral,available,,2026-08-04
ugcbrandindex.com,ugc-neutral,available,,2026-08-04
ugcbrandrankings.com,ugc-neutral,available,,2026-08-04
ugcbrandranks.com,ugc-neutral,available,,2026-08-04
ugcbrandscore.com,ugc-neutral,available,,2026-08-04
ugcgrades.com,ugc-neutral,available,,2026-08-04
ugcleaderboard.com,ugc-neutral,available,,2026-08-04
ugcranking.com,ugc-neutral,available,,2026-08-04
ugcrankings.com,ugc-neutral,available,,2026-08-04
ugcranks.com,ugc-neutral,available,,2026-08-04
ugcrated.com,ugc-neutral,available,,2026-08-04
ugcratings.com,ugc-neutral,available,,2026-08-04
ugcsentiment.com,ugc-neutral,available,,2026-08-04
ugcverdict.com,ugc-neutral,available,,2026-08-04
ugcboard.com,ugc-neutral,taken,2025-07-24,2026-08-04
ugcbrands.com,ugc-neutral,taken,2021-01-24,2026-08-04
ugcindex.com,ugc-neutral,taken,2024-10-07,2026-08-04
ugclens.com,ugc-neutral,taken,2025-08-18,2026-08-04
ugcpulse.com,ugc-neutral,taken,2025-01-23,2026-08-04
ugcrank.com,ugc-neutral,taken,2023-07-19,2026-08-04
ugcrankings.co,ugc-neutral,not_checked_non_com,,2026-08-04
ugcrankings.io,ugc-neutral,not_checked_non_com,,2026-08-04
ugcranks.co,ugc-neutral,not_checked_non_com,,2026-08-04
ugcranks.io,ugc-neutral,not_checked_non_com,,2026-08-04
ugcreviews.com,ugc-neutral,taken,2017-06-23,2026-08-04
ugcscore.com,ugc-neutral,taken,2024-12-10,2026-08-04
ugcscores.com,ugc-neutral,taken,2026-04-15,2026-08-04
ugcsignal.com,ugc-neutral,taken,2026-01-21,2026-08-04
