subreddit,status,subscribers,rule_posture,is_vendor_sub,comment_page_n,comments_per_hour,comment_span_hours,brand_bearing_share,density_ub95,bb_per_hour,scorable,distinct_threads_in_page,measured_at
1Password,ok,56818,permissive,True,100,2.07,48.19,0.3,0.4074,0.621,False,22,2026-08-04T18:01:11Z
academia,ok,108111,hostile,False,100,5.03,19.89,0.0,0.03,0.0,False,24,2026-08-05T17:44:56Z
Accounting,ok,1272896,hostile,False,100,76.58,1.31,0.01,0.0296,0.766,False,37,2026-08-04T17:57:34Z
ADHD,ok,2268932,hostile,False,100,101.64,0.98,0.0,0.03,0.0,False,42,2026-08-05T17:45:05Z
Adobe,ok,41122,hostile,True,100,1.14,87.72,0.0,0.03,0.0,False,36,2026-08-04T18:04:51Z
AfterEffects,ok,344708,permissive,True,100,14.18,7.05,0.05,0.0938,0.709,False,25,2026-08-04T18:05:46Z
agency,ok,96594,permissive,False,100,4.38,22.85,0.0,0.03,0.0,True,47,2026-08-05T17:43:09Z
agile,ok,86947,permissive,False,100,7.77,12.88,0.02,0.0477,0.155,True,13,2026-08-04T17:56:21Z
analytics,ok,277313,permissive,False,100,12.76,7.84,0.06,0.108,0.766,True,17,2026-08-04T18:08:07Z
antiwork,ok,2991911,permissive,False,100,153.78,0.65,0.0,0.03,0.0,True,18,2026-08-04T17:59:10Z
Anytype,ok,14129,hostile,True,100,0.17,598.14,0.08,0.1354,0.014,False,36,2026-08-04T18:03:26Z
Asana,ok,7610,hostile,True,100,0.09,1141.97,0.41,0.5355,0.037,False,28,2026-08-04T17:57:01Z
AskHR,ok,1845125,permissive,False,100,40.08,2.5,0.0,0.03,0.0,True,18,2026-08-04T17:58:47Z
AskNetsec,ok,260085,permissive,False,100,1.92,52.18,0.0,0.03,0.0,True,41,2026-08-05T17:44:10Z
aws,ok,390807,unknown,True,100,7.95,12.58,0.03,0.0639,0.238,False,19,2026-08-04T18:10:20Z
B2BForSales,unavailable,,,False,,,,,3.0,0,False,,
B2BSaaS,ok,26948,permissive,False,100,0.86,115.8,0.0,0.03,0.0,True,17,2026-08-05T17:43:36Z
backblaze,ok,13465,unknown,True,100,0.21,468.1,0.35,0.466,0.073,False,33,2026-08-04T18:11:44Z
BigCommerce,ok,4973,permissive,True,100,0.19,538.75,0.31,0.4191,0.059,False,25,2026-08-04T18:09:07Z
bigseo,ok,138943,permissive,False,100,0.64,155.81,0.0,0.03,0.0,True,39,2026-08-04T18:00:43Z
Bitwarden,ok,119768,permissive,True,100,3.89,25.74,0.37,0.4892,1.439,False,26,2026-08-04T18:01:02Z
Bookkeeping,ok,82709,hostile,False,100,1.04,95.71,0.3,0.4074,0.312,False,41,2026-08-04T17:57:53Z
BusinessIntelligence,ok,239166,hostile,False,100,0.28,363.27,0.01,0.0296,0.003,False,62,2026-08-04T18:07:41Z
canva,ok,97478,permissive,True,100,3.65,27.4,0.3,0.4074,1.095,False,37,2026-08-04T18:04:36Z
CapCut,ok,98523,hostile,True,100,4.78,20.91,0.32,0.4309,1.53,False,40,2026-08-04T18:06:12Z
clickup,ok,20100,permissive,True,100,0.72,139.2,0.28,0.3837,0.202,False,20,2026-08-04T17:56:45Z
consulting,ok,378485,permissive,False,100,5.46,18.32,0.0,0.03,0.0,True,20,2026-08-05T17:42:53Z
copywriting,ok,259827,permissive,False,100,1.27,78.91,0.0,0.03,0.0,True,29,2026-08-04T17:59:57Z
CPA,ok,125489,hostile,False,100,29.88,3.35,0.0,0.03,0.0,False,35,2026-08-04T17:58:08Z
CRM,ok,55275,unknown,False,100,5.56,17.98,0.12,0.1879,0.667,True,38,2026-08-04T17:54:30Z
cscareerquestions,ok,2374167,permissive,False,100,64.4,1.55,0.0,0.03,0.0,True,29,2026-08-04T18:09:56Z
CustomerService,ok,56741,permissive,False,100,3.89,25.71,0.0,0.03,0.0,True,23,2026-08-04T18:06:34Z
CustomerSuccess,ok,53240,hostile,False,100,3.73,26.84,0.01,0.0296,0.037,False,33,2026-08-04T18:06:28Z
cybersecurity,ok,1499373,hostile,False,100,54.05,1.85,0.02,0.0477,1.081,False,31,2026-08-04T18:01:44Z
dataanalysis,ok,224773,permissive,False,100,1.84,54.43,0.03,0.0639,0.055,True,45,2026-08-04T18:08:42Z
dataengineering,ok,470587,permissive,False,100,10.11,9.9,0.0,0.03,0.0,True,20,2026-08-04T18:07:49Z
DataHoarder,ok,986173,permissive,False,100,26.99,3.7,0.02,0.0477,0.54,True,32,2026-08-04T18:11:36Z
datascience,ok,2761030,capped,False,100,1.93,51.83,0.01,0.0296,0.019,True,23,2026-08-04T18:07:57Z
davinciresolve,ok,225006,permissive,True,100,19.11,5.23,0.06,0.108,1.147,False,28,2026-08-04T18:05:18Z
devops,ok,505353,permissive,False,100,10.84,9.23,0.0,0.03,0.0,True,29,2026-08-04T18:10:10Z
DigitalMarketing,ok,444371,hostile,False,100,23.37,4.28,0.0,0.03,0.0,False,39,2026-08-04T17:59:42Z
DigitalMinimalism,ok,279267,hostile,False,100,19.62,5.1,0.0,0.03,0.0,False,24,2026-08-05T17:44:50Z
dropship,ok,356752,hostile,False,100,0.6,166.44,0.03,0.0639,0.018,False,31,2026-08-04T18:09:31Z
Dynamics365,ok,15277,hostile,True,100,0.43,233.61,0.23,0.324,0.099,False,30,2026-08-04T18:07:18Z
ecommerce,ok,664240,hostile,False,100,13.77,7.26,0.0,0.03,0.0,False,54,2026-08-04T17:59:26Z
editing,ok,57077,permissive,False,100,0.89,111.84,0.08,0.1354,0.071,True,40,2026-08-05T17:45:57Z
editors,ok,193221,permissive,False,100,5.34,18.73,0.05,0.0938,0.267,True,21,2026-08-04T18:05:09Z
Emailmarketing,ok,121660,permissive,False,100,1.03,97.06,0.1,0.162,0.103,True,30,2026-08-04T17:59:18Z
Entrepreneur,ok,5249043,hostile,False,100,24.81,4.03,0.0,0.03,0.0,False,25,2026-08-04T17:55:37Z
EntrepreneurRideAlong,ok,717227,permissive,False,100,9.96,10.04,0.0,0.03,0.0,True,68,2026-08-04T17:55:46Z
ERP,ok,18185,permissive,False,100,0.46,215.56,0.03,0.0639,0.014,True,17,2026-08-04T17:58:24Z
Evernote,ok,27160,hostile,True,100,0.52,191.0,0.43,0.5585,0.224,False,23,2026-08-04T18:03:01Z
ExperiencedDevs,ok,408386,permissive,False,100,13.87,7.21,0.01,0.0296,0.139,True,15,2026-08-04T17:57:26Z
FigmaDesign,ok,154580,hostile,True,100,5.07,19.72,0.19,0.2754,0.963,False,17,2026-08-04T18:03:35Z
filmmakers,ok,3067821,permissive,False,100,35.13,2.85,0.0,0.03,0.0,True,27,2026-08-05T17:45:31Z
finalcutpro,ok,41384,permissive,True,100,1.37,72.79,0.13,0.2007,0.178,False,30,2026-08-04T18:05:35Z
FinancialCareers,ok,1762260,hostile,False,100,25.82,3.87,0.07,0.1219,1.807,False,34,2026-08-04T17:58:31Z
forhire,ok,660133,permissive,False,100,33.95,2.95,0.0,0.03,0.0,True,56,2026-08-05T17:45:22Z
freelance,ok,690144,hostile,False,100,0.32,315.55,0.0,0.03,0.0,False,15,2026-08-05T17:45:49Z
Frontend,ok,347264,permissive,False,100,0.99,101.32,0.09,0.1488,0.089,True,22,2026-08-05T17:45:13Z
FulfillmentByAmazon,ok,142372,permissive,False,100,4.29,23.29,0.0,0.03,0.0,True,29,2026-08-04T18:09:39Z
gohighlevel,ok,23004,permissive,True,100,11.61,8.61,0.0,0.03,0.0,False,27,2026-08-04T17:55:11Z
GradSchool,ok,941218,permissive,False,100,6.03,16.57,0.0,0.03,0.0,True,19,2026-08-05T17:44:34Z
graphic_design,ok,2915762,permissive,False,100,55.21,1.81,0.0,0.03,0.0,True,22,2026-08-04T18:04:10Z
helpdesk,ok,17833,capped,False,100,1.96,50.95,0.0,0.03,0.0,True,21,2026-08-04T18:06:47Z
homelab,ok,1064059,capped,False,100,59.72,1.67,0.0,0.03,0.0,True,26,2026-08-04T18:10:45Z
hubspot,ok,22278,permissive,True,100,1.31,76.09,0.48,0.6158,0.629,False,42,2026-08-04T17:55:03Z
humanresources,ok,234804,hostile,False,100,19.33,5.17,0.02,0.0477,0.387,False,26,2026-08-04T17:58:40Z
InsuranceAgent,ok,46157,permissive,False,100,7.76,12.89,0.01,0.0296,0.078,True,34,2026-08-05T17:43:22Z
ITManagers,ok,77193,permissive,False,100,6.51,15.35,0.0,0.03,0.0,True,12,2026-08-04T18:02:16Z
jira,ok,16790,hostile,True,100,0.7,143.01,0.39,0.5124,0.273,False,25,2026-08-04T17:56:36Z
KeePass,ok,23022,unknown,True,100,0.27,367.48,0.01,0.0296,0.003,False,20,2026-08-04T18:01:28Z
Klaviyo,ok,7907,unknown,True,100,0.61,164.2,0.43,0.5585,0.262,False,25,2026-08-04T18:00:14Z
kubernetes,ok,208463,capped,False,100,2.12,47.08,0.0,0.03,0.0,True,28,2026-08-04T18:10:52Z
logseq,ok,19682,permissive,True,100,0.43,233.78,0.39,0.5124,0.168,False,24,2026-08-04T18:03:09Z
MailChimp,ok,11412,hostile,True,100,0.35,289.29,0.25,0.348,0.087,False,33,2026-08-04T18:00:06Z
manufacturing,ok,100346,permissive,False,100,2.35,42.61,0.02,0.0477,0.047,True,30,2026-08-04T18:07:33Z
marketing,ok,1958693,hostile,False,100,3.46,28.92,0.0,0.03,0.0,False,37,2026-08-04T17:59:50Z
MicrosoftFabric,ok,26394,permissive,True,100,4.49,22.28,0.06,0.108,0.269,False,43,2026-08-04T18:08:50Z
MicrosoftTeams,ok,89758,hostile,True,100,1.1,90.77,0.09,0.1488,0.099,False,22,2026-08-04T18:11:27Z
msp,ok,245261,capped,False,100,5.27,18.96,0.0,0.03,0.0,True,25,2026-08-04T18:06:20Z
NAS,ok,42181,unknown,False,100,1.27,78.44,0.0,0.03,0.0,True,28,2026-08-04T18:11:59Z
netsec,ok,568429,permissive,False,100,0.65,154.92,0.0,0.03,0.0,True,29,2026-08-04T18:01:51Z
Netsuite,ok,26759,permissive,True,100,2.12,47.17,0.35,0.466,0.742,False,45,2026-08-04T17:58:17Z
NewTubers,ok,713213,hostile,False,100,52.61,1.9,0.01,0.0296,0.526,False,29,2026-08-04T18:06:03Z
nextjs,ok,172408,permissive,True,100,2.19,45.62,0.02,0.0477,0.044,False,29,2026-08-04T18:10:30Z
node,ok,347681,unknown,True,100,1.03,97.03,0.0,0.03,0.0,False,21,2026-08-04T18:11:01Z
NoteTaking,ok,63330,hostile,False,100,1.58,63.38,0.17,0.2508,0.269,False,28,2026-08-04T18:02:25Z
Notion,ok,466690,hostile,True,100,8.19,12.21,0.33,0.4426,2.703,False,31,2026-08-04T17:57:10Z
ObsidianMD,ok,350730,permissive,True,100,63.03,1.59,0.21,0.2998,13.236,False,14,2026-08-04T18:02:34Z
Odoo,ok,19485,hostile,True,100,1.34,74.71,0.51,0.65,0.683,False,31,2026-08-04T18:07:11Z
OneNote,ok,75639,hostile,True,100,0.85,117.57,0.44,0.57,0.374,False,25,2026-08-04T18:02:52Z
PasswordManagers,ok,54640,unknown,False,100,1.37,72.8,0.42,0.547,0.575,True,21,2026-08-04T18:00:53Z
Payments,ok,1007,unknown,False,100,0.06,1795.72,0.06,0.108,0.004,True,40,2026-08-04T18:12:24Z
paypal,ok,103008,hostile,True,100,6.43,15.55,0.5,0.6386,3.215,False,37,2026-08-04T18:12:16Z
Payroll,ok,34154,permissive,False,100,1.35,73.92,0.05,0.0938,0.068,True,32,2026-08-04T17:59:02Z
PKMS,ok,76439,hostile,False,100,3.59,27.89,0.09,0.1488,0.323,False,26,2026-08-04T18:02:43Z
pmp,ok,127331,permissive,False,100,10.41,9.61,0.0,0.03,0.0,True,22,2026-08-04T17:56:14Z
PowerBI,ok,208597,permissive,True,100,5.34,18.71,0.17,0.2508,0.908,False,37,2026-08-04T18:08:16Z
PPC,ok,276554,permissive,False,100,7.52,13.3,0.0,0.03,0.0,True,37,2026-08-04T18:00:28Z
premiere,ok,184980,permissive,True,100,5.79,17.27,0.21,0.2998,1.216,False,24,2026-08-04T18:05:26Z
privacy,ok,1652332,hostile,False,100,42.96,2.33,0.0,0.03,0.0,False,15,2026-08-04T18:01:36Z
productivity,ok,4231867,hostile,False,100,9.37,10.67,0.0,0.03,0.0,False,38,2026-08-04T17:57:18Z
projectmanagement,ok,235429,hostile,False,100,7.75,12.91,0.07,0.1219,0.543,False,14,2026-08-04T17:56:05Z
ProtonPass,ok,35227,permissive,True,100,1.45,68.84,0.21,0.2998,0.304,False,23,2026-08-04T18:01:20Z
QuickBooks,ok,40928,unknown,True,100,0.88,113.79,0.16,0.2384,0.141,False,30,2026-08-04T17:57:43Z
reactjs,ok,510388,permissive,True,100,3.01,33.19,0.0,0.03,0.0,False,22,2026-08-04T18:10:39Z
RealEstateTechnology,ok,55112,permissive,False,100,3.54,28.23,0.0,0.03,0.0,True,39,2026-08-05T17:43:16Z
recruiting,ok,210055,hostile,False,100,2.35,42.62,0.0,0.03,0.0,False,44,2026-08-04T17:58:55Z
recruitinghell,ok,1437876,permissive,False,100,171.99,0.58,0.0,0.03,0.0,True,29,2026-08-04T18:09:48Z
remotework,ok,593610,permissive,False,100,9.55,10.47,0.0,0.03,0.0,True,53,2026-08-04T18:11:10Z
revops,ok,6593,unknown,False,100,0.36,276.12,0.05,0.0938,0.018,True,19,2026-08-05T17:44:02Z
SaaS,ok,771500,hostile,False,100,78.73,1.27,0.0,0.03,0.0,False,49,2026-08-04T17:55:55Z
sales,ok,594328,permissive,False,100,29.84,3.35,0.0,0.03,0.0,True,32,2026-08-04T17:54:39Z
salesdevelopment,ok,22201,permissive,False,100,2.09,47.74,0.01,0.0296,0.021,True,29,2026-08-05T17:43:46Z
salesforce,ok,113705,permissive,True,100,4.5,22.21,0.3,0.4074,1.35,False,32,2026-08-04T17:54:47Z
SalesOperations,ok,18487,permissive,False,100,1.05,95.64,0.06,0.108,0.063,True,37,2026-08-05T17:43:54Z
SAP,ok,60641,unknown,True,100,3.21,31.18,0.49,0.6272,1.573,False,37,2026-08-04T18:07:02Z
scrum,ok,45287,hostile,False,100,0.85,118.27,0.0,0.03,0.0,False,12,2026-08-04T17:56:28Z
selfhosted,ok,813099,hostile,False,100,66.7,1.5,0.01,0.0296,0.667,False,33,2026-08-04T18:02:09Z
SEO,ok,501629,hostile,False,100,29.66,3.37,0.0,0.03,0.0,False,32,2026-08-04T18:00:36Z
servicenow,ok,37622,permissive,True,100,3.63,27.52,0.12,0.1879,0.436,False,22,2026-08-04T18:06:40Z
shopify,ok,368707,capped,True,100,9.93,10.07,0.03,0.0639,0.298,False,48,2026-08-04T17:59:34Z
Slack,ok,36311,hostile,True,100,0.75,134.01,0.48,0.6158,0.36,False,32,2026-08-04T18:11:19Z
smallbusiness,ok,2515817,hostile,False,100,65.93,1.52,0.01,0.0296,0.659,False,54,2026-08-04T17:55:28Z
smallbusinessuk,ok,76899,permissive,False,100,4.34,23.05,0.0,0.03,0.0,True,21,2026-08-05T17:43:29Z
SQL,ok,286778,permissive,True,100,1.86,53.8,0.0,0.03,0.0,False,26,2026-08-04T18:08:33Z
squarespace,ok,21139,permissive,True,100,0.85,118.19,0.32,0.4309,0.272,False,31,2026-08-04T18:09:15Z
startups,ok,2107067,capped,False,100,16.76,5.97,0.0,0.03,0.0,True,31,2026-08-05T17:43:02Z
stripe,ok,27240,permissive,True,100,1.96,50.92,0.36,0.4776,0.706,False,24,2026-08-04T18:12:07Z
students,ok,49639,unknown,False,100,15.63,6.4,0.0,0.03,0.0,True,8,2026-08-05T17:44:25Z
Substack,ok,55199,permissive,True,100,4.31,23.21,0.0,0.03,0.0,False,22,2026-08-04T18:00:21Z
supplychain,ok,112789,permissive,False,100,2.17,46.13,0.02,0.0477,0.043,True,30,2026-08-04T18:07:26Z
synology,ok,199249,permissive,True,100,6.43,15.55,0.22,0.3119,1.415,False,25,2026-08-04T18:11:53Z
sysadmin,ok,1307123,permissive,False,100,111.96,0.89,0.0,0.03,0.0,True,24,2026-08-04T18:02:01Z
tableau,ok,93897,permissive,True,100,0.59,170.21,0.31,0.4191,0.183,False,16,2026-08-04T18:08:24Z
talentacquisition,ok,759,unknown,False,24,0.0,28823.44,0.0,0.125,0.0,True,1,2026-08-04T18:10:02Z
tax,ok,471666,permissive,False,100,26.61,3.76,0.0,0.03,0.0,True,31,2026-08-04T17:58:01Z
techsales,ok,61630,permissive,False,100,10.63,9.41,0.0,0.03,0.0,True,30,2026-08-04T17:54:55Z
techsupport,ok,3409767,hostile,False,100,62.83,1.59,0.0,0.03,0.0,False,38,2026-08-05T17:44:18Z
trello,ok,13038,unknown,True,100,0.08,1206.23,0.01,0.0296,0.001,False,39,2026-08-04T17:56:53Z
UI_Design,ok,236921,hostile,False,100,2.76,36.2,0.02,0.0477,0.055,False,27,2026-08-04T18:03:53Z
userexperience,ok,147503,hostile,False,100,0.4,249.34,0.1,0.162,0.04,False,36,2026-08-04T18:04:01Z
UXDesign,ok,245287,permissive,False,100,8.25,12.12,0.12,0.1879,0.99,True,29,2026-08-04T18:03:44Z
VideoEditing,ok,521888,hostile,False,100,2.56,39.11,0.15,0.2259,0.384,False,55,2026-08-04T18:05:00Z
videography,ok,451649,hostile,False,100,13.19,7.58,0.01,0.0296,0.132,False,34,2026-08-04T18:05:55Z
web_design,ok,974167,hostile,False,100,1.08,92.81,0.03,0.0639,0.032,False,31,2026-08-04T18:04:19Z
webdev,ok,3291935,hostile,False,100,28.14,3.55,0.0,0.03,0.0,False,49,2026-08-04T18:04:28Z
webflow,ok,42291,permissive,True,100,1.36,73.4,0.04,0.0792,0.054,False,25,2026-08-04T18:04:44Z
Wix,ok,18127,hostile,True,100,1.31,76.3,0.49,0.6272,0.642,False,21,2026-08-04T18:09:22Z
woocommerce,ok,50157,hostile,True,100,1.11,89.7,0.3,0.4074,0.333,False,36,2026-08-04T18:08:59Z
writing,ok,3414411,permissive,False,100,50.54,1.98,0.0,0.03,0.0,True,17,2026-08-05T17:44:43Z
youtubers,ok,341845,hostile,False,100,0.51,196.42,0.11,0.175,0.056,False,28,2026-08-05T17:45:41Z
Zendesk,ok,5995,permissive,True,100,0.23,436.31,0.24,0.336,0.055,False,23,2026-08-04T18:06:55Z
Zettelkasten,ok,39061,permissive,False,100,0.23,435.17,0.12,0.1879,0.028,True,19,2026-08-04T18:03:17Z
Zoho,ok,12658,permissive,True,100,0.83,119.96,0.38,0.5008,0.315,False,28,2026-08-04T17:55:19Z
