role,calls,rows,total_seconds,query
site_reader,5764,2360630622,9657.0,"select id, link_title from published.threads"
site_reader,5420,1186683583,152988.0,"select m.brand_id, sr.name as subreddit, m.doc_type, m.label, count(*)::int as n, max(m.created_utc) as newest, min(m.created_utc) as oldest from publ"
postgres,3393,84911540,1082.0,"SELECT b.slug, m.doc_id, m.doc_type, m.thread_id, m.author, s.name, extract($2 from m.created_utc), ms.label FROM mentions m JOIN mention_sentiment ms"
site_reader,560,75342913,56932.0,"select t.*, b.slug as brand_slug, b.name as brand_name, sr.name as subreddit from published.brands b cross join lateral ( (select m.* from published.m"
site_reader,6485,62633487,329.0,"select id, slug, name, primary_category_id from published.brands"
site_reader,6484,33978196,975.0,select * from published.brand_category_scores where week_start = (select max(week_start) from published.brand_category_scores)
site_reader,220,27991714,8128.0,"select t.*, b.slug as brand_slug, b.name as brand_name, sr.name as subreddit from published.brands b cross join lateral ( select m.* from published.me"
site_reader,555,19291175,1555.0,"select m.brand_id, sr.name as subreddit, m.label, count(*)::int as n, max(m.created_utc) as newest from published.mentions m join published.subreddits"
site_reader,42963,18159959,196.0,"select b.oid, b.typarray from pg_catalog.pg_type a left join pg_catalog.pg_type b on b.oid = a.typelem where a.typcategory = $1 group by b.oid, b.typa"
site_reader,436,15136872,3246.0,"select * from ( select m.*, b.slug as brand_slug, b.name as brand_name, sr.name as subreddit, row_number() over (partition by m.brand_id order by m.cr"
postgres,28,11726869,378.0,"SELECT b.slug, m.doc_id, m.doc_type, m.thread_id, m.author, s.name, extract($1 from m.created_utc), ms.label, m.subreddit_id FROM mentions m JOIN ment"
postgres,315,6470364,6.0,"SELECT name, id FROM subreddits"
site_reader,20,3240679,86.0,"select brand_slug, brand_name, subreddit, doc_id, doc_type, thread_id, author, created_utc, permalink, body, matched_form, label from published.mentio"
postgres,2829517,1406741,1556.0,"INSERT INTO mentions (brand_id, doc_id, doc_type, thread_id, subreddit_id, author, created_utc, permalink, score, body, match_conf, matched_form, rule"
site_reader,6478,926676,14.0,"select id, slug, name, threshold_tier, precision_target_pp, n_min, base_rate_c, status from published.categories"
site_reader,6481,922246,1014.0,"select cs.category_id, count(*)::int as n from published.category_subreddits cs where cs.is_scoring group by 1"
postgres,411,806524,1005.0,"SELECT m.created_utc, m.doc_id, b.slug, s.name, coalesce(t.link_title, $5), m.body, m.matched_form FROM mentions m JOIN brands b ON b.id = m.brand_id "
postgres,14755,737752,340.0,"INSERT INTO category_subreddits (category_id, subreddit_id, is_scoring, bb_per_hour) SELECT c.id, s.id, v.is_scoring, v.bb_per_hour FROM (VALUES ($1, "
postgres,91996,716064,80.0,"SELECT id, link_title FROM threads WHERE subreddit_id=$1 AND first_seen_at > now() - make_interval(hours => $2) ORDER BY tree_fetched_at NULLS FIRST, "
postgres,78127,715970,176.0,UPDATE threads SET tree_fetched_at = now() WHERE id = ANY($1)
postgres,516915,516915,240.0,"INSERT INTO threads (id, subreddit_id, link_title, permalink, created_utc, num_comments, archived, score, first_seen_at) VALUES ($1,$2,$3,$4,to_timest"
postgres,18,500400,104.0,"select m.doc_id, m.brand_id, b.slug as brand_slug, c.slug as category_slug from mentions m join brands b on b.id = m.brand_id left join brand_category"
postgres,4204,420283,69.0,"SELECT t.id, s.name, s.id FROM threads t JOIN subreddits s ON s.id = t.subreddit_id WHERE t.id > $1 AND NOT s.is_vendor_sub ORDER BY t.id LIMIT $2"
postgres,28,310534,1.0,"SELECT cs.subreddit_id, c.slug FROM category_subreddits cs JOIN categories c ON c.id = cs.category_id WHERE cs.is_scoring"
postgres,1026975,280581,44.0,"INSERT INTO mention_sentiment (doc_id, brand_id, model_version, label, intensity, conf, stage, is_comparative, is_recommendation, is_category_gripe, e"
