day,threads_first_seen,mentions_stored,mention_text_bytes,first_write,last_write,collector_runs,mentions_classified,by_deepseek,by_haiku,by_claude_cli,score_rows_computed,removals_detected,delete_probes
2026-08-01,1849,0,0,,,0,0,0,0,0,0,0,0
2026-08-02,1820,0,0,,,0,0,0,0,0,0,0,0
2026-08-03,2307,0,0,,,0,0,0,0,0,0,0,0
2026-08-04,2540,0,0,,,0,0,0,0,0,0,0,0
2026-08-05,2602,1320,676047,23:23,23:24,1,1320,0,0,1320,0,0,0
2026-08-06,2842,3045,1902179,14:32,14:37,1,3045,0,0,3045,0,0,0
2026-08-07,2335,0,0,,,0,0,0,0,0,0,0,0
2026-08-08,1935,0,0,,,0,0,0,0,0,0,0,0
2026-08-09,2801,8573,4984888,18:38,18:48,1,8573,0,0,8573,0,0,0
2026-08-10,6243,27664,18798384,04:01,13:44,2,27389,0,0,27389,0,0,0
2026-08-11,6496,755,1212699,04:00,04:41,1,946,0,0,946,0,0,0
2026-08-12,4374,890,1698658,19:20,22:09,2,0,0,0,0,0,0,0
2026-08-13,1420,286,502521,04:02,04:12,1,822,0,0,822,0,0,0
2026-08-14,1877,36096,31212636,10:44,22:16,10,0,0,0,0,0,0,0
2026-08-15,57221,98247,103299907,04:00,23:58,6,64896,0,0,64896,0,0,0
2026-08-16,3344,193756,151309514,00:00,13:51,3,221798,113941,1111,106746,0,0,0
2026-08-17,612,128422,263745076,18:58,22:03,9,54036,0,54036,0,0,0,95
2026-08-18,12276,27949,28850780,00:03,17:32,9,66997,51685,10932,4380,0,437,87102
2026-08-19,19458,38217,52072874,02:14,20:34,2,188,188,0,0,0,0,0
2026-08-20,9196,20323,28867830,02:04,08:22,1,0,0,0,0,0,0,0
2026-08-21,9055,24500,38220809,02:02,09:36,2,3537,3537,0,0,0,334,35900
2026-08-22,7866,17477,18507487,02:01,08:56,1,68,68,0,0,0,0,0
2026-08-23,6962,15098,18919850,02:00,09:25,1,2753,2753,0,0,0,0,0
2026-08-24,8065,62531,53195544,02:05,23:59,20,8279,8279,0,0,0,266,36900
2026-08-25,9010,60202,57592628,00:00,09:51,39,16726,1276,15450,0,5724,964,103152
2026-08-26,8909,19307,29563435,02:00,10:45,1,0,0,0,0,0,0,0
2026-08-27,8260,18119,26266831,02:30,08:08,1,0,0,0,0,0,0,0
2026-08-28,8187,18825,30129039,02:05,08:07,1,0,0,0,0,0,0,0
2026-08-29,7741,17055,26216876,02:04,07:55,1,0,0,0,0,0,0,0
2026-08-30,6980,15585,22412841,02:05,07:53,1,0,0,0,0,0,0,0
2026-08-31,7067,15703,21796734,02:00,07:40,1,0,0,0,0,0,0,0
2026-09-01,8186,17796,27890319,02:02,07:42,1,0,0,0,0,0,0,0
2026-09-02,8518,18803,29365211,02:02,07:51,1,0,0,0,0,0,0,0
2026-09-03,8248,18849,28560373,02:01,07:40,1,0,0,0,0,0,0,0
2026-09-04,8343,19137,29232130,02:02,08:28,1,0,0,0,0,0,0,0
2026-09-05,7676,17840,30226460,02:01,08:20,1,0,0,0,0,0,0,0
2026-09-06,6870,15931,25149448,02:01,07:37,1,0,0,0,0,0,0,0
2026-09-07,7003,15691,23734956,02:01,07:47,1,0,0,0,0,0,0,0
2026-09-08,8012,18438,28578084,02:01,07:43,1,0,0,0,0,0,0,0
2026-09-09,8392,18980,34282716,02:04,07:37,1,0,0,0,0,0,0,0
2026-09-10,8304,18603,34718903,02:01,07:47,1,0,0,0,0,0,0,0
2026-09-11,8350,18372,33685558,02:02,07:42,1,0,0,0,0,0,0,0
2026-09-12,7792,18238,28326020,02:00,07:37,1,0,0,0,0,0,0,0
2026-09-13,7055,15519,25220982,02:01,07:47,1,0,0,0,0,0,0,0
2026-09-14,7193,15823,22816909,02:01,08:12,1,0,0,0,0,0,0,0
2026-09-15,8254,18119,33243892,02:01,08:25,1,0,0,0,0,0,0,0
2026-09-16,8450,18999,32747672,02:01,08:53,1,0,0,0,0,0,0,0
2026-09-17,8466,18747,34634549,02:01,08:36,1,0,0,0,0,0,0,0
2026-09-18,8172,17967,34108795,02:04,08:11,1,0,0,0,0,0,0,0
2026-09-19,7742,16903,27492453,02:03,08:22,1,0,0,0,0,0,0,0
2026-09-20,6850,15645,22989348,02:00,07:58,1,0,0,0,0,0,0,0
2026-09-21,7100,15669,26539417,02:02,08:03,1,0,0,0,0,0,0,0
2026-09-22,8128,18301,30275638,02:02,08:02,1,0,0,0,0,0,0,0
2026-09-23,8181,17798,31003084,02:02,07:56,1,0,0,0,0,0,0,0
2026-09-24,8390,18308,30910842,02:04,08:34,1,0,0,0,0,0,0,0
2026-09-25,7966,18562,32782979,02:01,08:25,1,0,0,0,0,0,0,0
2026-09-26,7906,17691,30494657,02:02,07:53,1,0,0,0,0,0,0,0
2026-09-27,7063,15936,22950814,02:03,08:01,1,0,0,0,0,0,0,0
2026-09-28,7250,16160,24936917,02:01,07:41,1,0,0,0,0,0,0,0
2026-09-29,8239,18035,28648625,02:01,07:43,1,0,0,0,0,0,0,0
2026-09-30,8673,20144,31262083,02:04,07:48,1,0,0,0,0,0,0,0
2026-10-01,8485,18775,27871494,02:03,07:41,1,0,0,0,0,0,0,0
2026-10-02,8258,18155,28595104,02:04,07:43,1,0,0,0,0,0,0,0
