deployment,status,created_utc,last_change_utc,reason,dockerfile,cron_in_manifest
97c81269,SUCCESS,2026-10-02T20:46:36.094Z,2026-10-02T20:47:57.239Z,deploy,Dockerfile.parked,
434856fe,REMOVED,2026-10-02T02:01:57.815Z,2026-10-02T20:47:59.525Z,redeploy,Dockerfile,0 2 * * *
59d502b0,REMOVED,2026-08-19T02:04:06.668Z,2026-10-01T11:24:40.419Z,redeploy,Dockerfile,0 2 * * *
49e4c9b9,REMOVED,2026-08-18T02:29:54.826Z,2026-08-18T14:11:38.533Z,deploy,Dockerfile,0 2 * * *
8aeb7b12,REMOVED,2026-08-18T00:37:32.311Z,2026-08-18T02:30:30.663Z,deploy,Dockerfile,0 2 * * *
6c81a36c,REMOVED,2026-08-17T21:35:43.816Z,2026-08-18T00:37:56.741Z,deploy,Dockerfile,0 2 * * *
b2c3f31e,REMOVED,2026-08-17T20:14:27.429Z,2026-08-17T21:37:05.889Z,deploy,Dockerfile,"0 2,14 * * *"
33196b76,REMOVED,2026-08-17T19:41:54.715Z,2026-08-17T20:22:52.167Z,deploy,Dockerfile,"0 2,14 * * *"
7614ec3d,REMOVED,2026-08-14T07:08:01.226Z,2026-08-17T19:47:27.086Z,deploy,Dockerfile,0 4 * * *
b7a5a300,REMOVED,2026-08-12T21:33:18.660Z,2026-08-14T07:08:27.950Z,deploy,Dockerfile,0 4 * * *
aee15ca9,REMOVED,2026-08-12T19:09:07.170Z,2026-08-12T21:33:43.094Z,deploy,Dockerfile,0 4 * * *
c8909e2d,REMOVED,2026-08-10T13:53:57.703Z,2026-08-12T19:09:34.681Z,deploy,Dockerfile,0 4 * * *
7f448f33,REMOVED,2026-08-09T23:02:03.864Z,2026-08-10T13:54:21.031Z,redeploy,Dockerfile,0 4 * * *
a9bae27f,REMOVED,2026-08-09T23:01:50.792Z,2026-08-09T23:02:16.650Z,redeploy,Dockerfile,0 4 * * *
f382c3ad,REMOVED,2026-08-09T23:01:00.425Z,2026-08-09T23:02:03.906Z,deploy,Dockerfile,0 4 * * *
