category_id,brands_scored_site_way,brands_scored_method_way,top10_shared,same_number_one,mean_abs_score_gap,max_abs_score_gap
1,66,53,8,True,2.4,15.0
2,42,33,9,True,4.7,14.0
3,39,24,8,True,3.6,11.0
4,37,19,9,True,3.9,9.0
5,28,20,9,True,5.0,20.0
6,25,14,8,True,7.1,19.0
7,47,36,9,True,1.6,12.0
8,40,36,8,True,1.8,7.0
9,37,23,9,True,4.1,12.0
10,46,35,10,False,2.5,12.0
11,50,30,9,True,6.8,17.0
12,24,15,9,True,2.5,6.0
13,43,24,9,True,2.2,10.0
14,38,26,8,False,2.8,14.0
15,48,33,6,True,2.7,12.0
16,18,9,7,False,2.9,7.0
17,62,49,9,False,2.1,13.0
18,28,16,8,True,6.6,17.0
19,39,38,10,True,1.5,9.0
20,48,37,7,False,3.4,13.0
121,53,43,9,True,1.8,13.0
122,51,45,10,True,1.6,8.0
123,38,35,10,True,2.7,10.0
124,55,51,10,True,1.3,14.0
125,32,25,8,True,3.2,12.0
126,76,60,10,True,1.2,12.0
127,52,40,9,True,2.8,12.0
128,52,30,9,True,4.0,16.0
129,58,42,9,True,2.7,18.0
130,19,13,9,True,6.0,10.0
131,12,8,7,True,4.1,8.0
132,25,18,9,False,5.0,33.0
133,44,35,9,True,4.8,17.0
134,40,25,8,False,5.3,19.0
135,32,11,7,False,5.3,9.0
136,51,35,7,True,4.1,20.0
137,47,28,6,True,3.5,14.0
138,31,12,5,True,4.1,12.0
139,17,12,7,False,4.9,16.0
140,30,18,8,False,4.9,18.0
141,27,17,7,True,1.9,6.0
142,50,39,9,True,4.1,18.0
143,60,47,8,True,2.7,10.0
144,55,44,9,False,3.0,20.0
145,59,44,8,True,2.2,18.0
146,63,48,8,False,3.1,13.0
147,57,47,8,True,1.9,12.0
148,34,25,7,True,4.2,12.0
149,38,29,10,True,2.5,18.0
150,45,30,9,False,2.1,10.0
151,26,21,10,True,2.1,8.0
152,74,56,9,True,2.3,11.0
153,19,9,7,True,2.2,5.0
154,25,15,8,True,1.5,8.0
155,27,18,8,True,4.6,18.0
156,18,12,9,True,4.8,11.0
157,14,8,5,True,10.1,15.0
158,27,17,7,True,1.4,6.0
159,47,36,7,False,2.8,12.0
160,64,51,6,False,2.6,17.0
161,59,41,7,True,1.5,8.0
162,53,37,8,True,2.1,13.0
163,29,28,9,True,2.9,13.0
164,52,39,9,False,1.9,16.0
165,22,21,10,True,2.9,8.0
166,53,43,9,True,2.3,17.0
167,55,48,9,True,2.6,11.0
168,43,30,7,True,3.6,12.0
169,21,15,9,True,5.5,11.0
170,36,25,9,True,2.6,11.0
171,42,23,7,False,12.0,28.0
172,46,36,7,True,4.4,24.0
173,43,24,7,True,2.4,12.0
174,29,19,6,True,5.1,12.0
175,50,42,6,False,2.5,9.0
176,49,28,7,True,3.9,21.0
177,33,17,8,True,4.3,19.0
178,49,26,6,True,3.1,9.0
179,27,19,8,False,4.0,11.0
180,44,18,4,False,12.0,23.0
181,36,24,7,True,4.0,14.0
182,73,59,10,True,3.6,17.0
183,46,37,9,True,2.7,10.0
184,47,42,9,True,2.9,12.0
185,65,50,9,False,3.6,12.0
186,57,42,9,False,6.0,13.0
187,37,27,8,True,4.0,11.0
188,41,23,7,True,4.7,14.0
189,50,38,10,True,1.7,17.0
190,36,20,7,False,5.3,25.0
191,27,17,8,False,6.4,11.0
192,28,23,7,False,3.0,11.0
193,46,27,8,True,4.7,22.0
194,53,40,8,True,3.3,20.0
195,41,26,8,True,3.5,11.0
196,43,28,8,False,2.0,8.0
197,35,17,8,False,3.8,12.0
198,39,21,6,True,8.8,29.0
199,56,47,8,True,2.3,10.0
200,55,31,9,True,1.8,9.0
501,44,29,8,True,3.3,16.0
502,33,22,9,True,0.4,1.0
503,37,24,9,True,2.2,12.0
504,15,7,5,True,2.3,6.0
505,70,66,9,True,0.7,9.0
506,26,12,8,True,1.1,2.0
507,53,28,10,True,5.6,7.0
508,23,15,6,True,10.7,19.0
509,21,13,9,True,0.6,3.0
510,4,1,1,False,5.0,5.0
511,13,5,4,False,4.4,11.0
512,37,22,5,True,4.0,12.0
513,22,14,9,True,0.9,1.0
514,10,6,6,True,1.3,3.0
515,23,16,9,False,2.0,7.0
516,16,10,6,False,15.5,17.0
517,4,0,0,False,,
518,16,9,8,True,4.1,5.0
519,9,2,2,True,8.5,9.0
520,9,0,0,False,,
521,8,5,5,True,5.8,9.0
522,13,9,6,True,0.7,3.0
523,20,9,6,True,9.9,15.0
524,27,21,8,True,2.3,7.0
525,30,22,8,True,1.6,8.0
526,8,2,2,False,5.0,6.0
527,17,4,4,True,1.5,2.0
528,12,8,6,True,2.1,3.0
529,13,5,5,True,2.0,2.0
530,10,5,5,True,15.4,22.0
531,31,20,9,True,11.6,14.0
532,8,1,1,True,16.0,16.0
533,18,10,6,True,10.0,11.0
534,16,7,6,True,1.9,2.0
535,6,0,0,False,,
536,17,10,7,True,2.6,11.0
537,7,4,4,True,25.0,27.0
538,19,13,9,True,1.2,3.0
539,1,0,0,False,,
540,7,2,2,True,2.0,2.0
541,22,14,8,True,5.5,12.0
542,16,13,10,False,1.5,9.0
543,8,5,5,True,0.8,1.0
544,10,1,1,True,3.0,3.0
545,12,7,5,True,4.0,8.0
546,9,2,2,False,0.0,0.0
547,22,17,8,True,3.5,6.0
548,30,16,9,True,1.1,4.0
549,16,8,7,False,4.9,11.0
550,9,3,3,True,8.7,12.0
551,14,4,3,True,10.0,18.0
