partition,total_bytes,heap_bytes,index_bytes,est_rows,dead_rows
mentions_2023_08,401408,139264,114688,120,3
mentions_2023_09,368640,106496,114688,97,0
mentions_2023_10,507904,221184,163840,194,0
mentions_2023_11,434176,155648,131072,160,53
mentions_2023_12,589824,335872,196608,225,0
mentions_2024_01,696320,344064,204800,281,0
mentions_2024_02,614400,294912,188416,220,0
mentions_2024_03,671744,352256,204800,312,2
mentions_2024_04,720896,311296,212992,332,1
mentions_2024_05,688128,311296,196608,272,2
mentions_2024_06,638976,294912,196608,232,90
mentions_2024_07,778240,376832,196608,250,2
mentions_2024_08,753664,311296,204800,262,0
mentions_2024_09,892928,532480,221184,420,1
mentions_2024_10,819200,475136,237568,423,4
mentions_2024_11,729088,294912,196608,236,0
mentions_2024_12,1015808,524288,237568,441,2
mentions_2025_01,1163264,737280,245760,514,6
mentions_2025_02,1007616,475136,245760,442,5
mentions_2025_03,1294336,688128,253952,593,4
mentions_2025_04,1597440,843776,335872,761,14
mentions_2025_05,1777664,1032192,425984,912,9
mentions_2025_06,2195456,1253376,442368,1119,18
mentions_2025_07,2482176,1384448,499712,1222,28
mentions_2025_08,4374528,2473984,778240,2066,85
mentions_2025_09,5308416,3244032,991232,2830,45
mentions_2025_10,5382144,3301376,1024000,2843,48
mentions_2025_11,5865472,3637248,1089536,3122,50
mentions_2025_12,4857856,2973696,917504,2650,89
mentions_2026_01,5947392,3284992,983040,2912,138
mentions_2026_02,8282112,5292032,1351680,3952,183
mentions_2026_03,8962048,5177344,1531904,4552,363
mentions_2026_04,11722752,6168576,1646592,4969,573
mentions_2026_05,94224384,51404800,14163968,54530,5398
mentions_2026_06,215842816,126566400,35176448,137042,12939
mentions_2026_07,319799296,185180160,51937280,198788,18968
mentions_2026_08,725049344,381779968,110592000,451933,0
mentions_2026_09,972292096,448905216,133799936,513111,0
mentions_2026_10,36855808,17211392,5136384,19048,0
mentions_2026_11,65536,0,57344,0,0
mentions_2026_12,65536,0,57344,0,0
mentions_2027_01,65536,0,57344,0,0
mentions_2027_02,65536,0,57344,0,0
mentions_2027_03,65536,0,57344,0,0
mentions_2027_04,65536,0,57344,0,0
mentions_2027_05,65536,0,57344,0,0
mentions_2027_06,65536,0,57344,0,0
mentions_2027_07,65536,0,57344,0,0
mentions_default,6963200,3522560,1114112,3312,21
