relation,parts,total_bytes,heap_bytes,index_bytes,toast_bytes,est_rows,dead_rows,last_vacuum
mentions,49,2455158784,1261920256,368418816,824819712,1417700,39144,2026-10-02 06:46:10.602487+00:00
threads,1,246988800,165060608,81854464,73728,592733,75696,2026-09-28 05:44:27.099734+00:00
mention_rail_mv,1,231186432,137363456,9822208,84000768,162491,0,2026-09-22 11:27:43.863360+00:00
mention_sentiment,1,146915328,57212928,89653248,49152,481373,2359,2026-08-18 19:32:44.373362+00:00
category_subreddits,1,32546816,17547264,14958592,40960,283152,8380,2026-08-24 15:19:33.124858+00:00
subreddits,1,5709824,3235840,2433024,40960,29663,3272,2026-08-24 15:03:32.367620+00:00
brands,1,5128192,3424256,1662976,40960,10511,1421,2026-08-24 15:22:32.914109+00:00
brand_aliases,1,4046848,2310144,1695744,40960,33315,0,2026-08-24 15:24:32.812421+00:00
brand_category_scores,1,3268608,2301952,925696,40960,5721,153,2026-08-25 18:41:05.511463+00:00
ingest_state,1,532480,319488,172032,40960,2072,252,2026-09-10 06:45:22.944570+00:00
removals,1,483328,286720,155648,40960,2001,413,2026-08-25 09:39:56.615787+00:00
categories,1,122880,49152,32768,40960,151,0,2026-08-24 15:02:32.303147+00:00
methodology_params,1,114688,65536,16384,32768,117,0,
mention_rail_meta,1,24576,8192,16384,0,-1,3,
mention_audit,1,24576,0,16384,8192,-1,0,
lane_d_queries,1,24576,0,16384,8192,-1,0,
pipeline_runs,1,16384,0,8192,8192,-1,0,
leaderboards,1,16384,0,8192,8192,-1,0,
brand_pages,1,16384,0,8192,8192,-1,0,
