table_name,index_name,bytes,scans
mention_sentiment,mention_sentiment_pkey,46645248,6647904111
mention_sentiment,mention_sentiment_latest_idx,43008000,57966428
mentions_2026_09,mentions_2026_09_pkey,38813696,1376663
threads,threads_pkey,33669120,3623488
mentions_2026_08,mentions_2026_08_pkey,32219136,1350039
threads,threads_subreddit_id_created_utc_idx,30941184,2214
mentions_2026_09,mentions_2026_09_bdc_idx,27410432,316382
mentions_2026_09,mentions_2026_09_brand_id_created_utc_idx,24567808,76917865
mentions_2026_09,mentions_2026_09_brand_id_author_idx,21544960,56321
mentions_2026_08,mentions_2026_08_brand_id_created_utc_idx,20496384,76920494
mentions_2026_08,mentions_2026_08_brand_id_author_idx,19628032,35138
mentions_2026_08,mentions_2026_08_bdc_idx,18366464,324192
threads,threads_revisit_idx,17244160,100459
category_subreddits,category_subreddits_pkey,14770176,750044
mentions_2026_07,mentions_2026_07_pkey,14352384,820706
mentions_2026_09,mentions_2026_09_thread_id_idx,11509760,892435
mentions_2026_07,mentions_2026_07_brand_id_author_idx,10166272,38408
mentions_2026_08,mentions_2026_08_thread_id_idx,10002432,1049156
mentions_2026_06,mentions_2026_06_pkey,9715712,918453
mentions_2026_07,mentions_2026_07_brand_id_created_utc_idx,9306112,76927322
mention_rail_mv,mention_rail_mv_key,8552448,1
mentions_2026_07,mentions_2026_07_bdc_idx,8093696,318937
mentions_2026_06,mentions_2026_06_brand_id_author_idx,7012352,49401
mentions_2026_06,mentions_2026_06_brand_id_created_utc_idx,6250496,76924572
mentions_2026_06,mentions_2026_06_bdc_idx,5586944,319833
mentions_2026_09,mentions_2026_09_delete_checked_at_idx,5120000,20
mentions_2026_08,mentions_2026_08_subreddit_id_idx,5021696,283034
mentions_2026_09,mentions_2026_09_subreddit_id_idx,4833280,282891
mentions_2026_08,mentions_2026_08_delete_checked_at_idx,4784128,101
mentions_2026_07,mentions_2026_07_thread_id_idx,4292608,1103146
mentions_2026_05,mentions_2026_05_pkey,3907584,886255
mentions_2026_07,mentions_2026_07_subreddit_id_idx,3055616,283042
mentions_2026_05,mentions_2026_05_brand_id_author_idx,2908160,519
mentions_2026_06,mentions_2026_06_thread_id_idx,2727936,1134337
mentions_2026_07,mentions_2026_07_delete_checked_at_idx,2596864,67
mentions_2026_05,mentions_2026_05_brand_id_created_utc_idx,2523136,76982697
mentions_2026_05,mentions_2026_05_bdc_idx,2236416,312290
mentions_2026_06,mentions_2026_06_subreddit_id_idx,1957888,283032
mentions_2026_06,mentions_2026_06_delete_checked_at_idx,1851392,67
brand_aliases,brand_aliases_pkey,1695744,114623
subreddits,subreddits_name_key,1310720,152662
mentions_2026_10,mentions_2026_10_pkey,1310720,31542
mention_rail_mv,mention_rail_mv_brand,1269760,3
subreddits,subreddits_pkey,1122304,30927191
mentions_2026_05,mentions_2026_05_thread_id_idx,1097728,1147440
mentions_2026_10,mentions_2026_10_bdc_idx,1064960,316812
