deployment,state,target,created_utc,commit,source
dpl_8e7WaGEGuo1Q,CANCELED,preview,2026-10-02T20:50:54+00:00,f44f2c6,git
dpl_33enqhGhMtDb,CANCELED,production,2026-10-01T11:42:26+00:00,002bfbc,git
dpl_AUGyw63JoBUp,CANCELED,preview,2026-10-01T11:42:20+00:00,9b0084f,git
dpl_2YgiTvbDE17d,CANCELED,production,2026-10-01T11:34:17+00:00,b98a925,git
dpl_BccgdBGqkeDr,READY,production,2026-09-22T11:37:14+00:00,ba39742,git
dpl_DvZDrZ7cTu74,READY,production,2026-09-22T11:32:04+00:00,9adec47,git
dpl_6cuHHv3fENqe,READY,preview,2026-09-22T11:24:58+00:00,98cbdd3,git
dpl_CfRyp3a5khAQ,READY,preview,2026-09-22T11:20:39+00:00,a6bcad8,git
dpl_9xM62EX8SuBs,READY,preview,2026-09-22T11:16:21+00:00,9cf5314,git
dpl_AvYhPyt4veFZ,ERROR,production,2026-09-22T02:12:10+00:00,8d8ab62,git
dpl_HDUj5ZutAAPP,READY,production,2026-09-22T01:57:04+00:00,6aa40dc,redeploy
dpl_GW38TwHWBx37,ERROR,production,2026-09-22T01:55:53+00:00,6aa40dc,git
dpl_6acfUAC7c9nP,ERROR,preview,2026-09-22T01:54:56+00:00,4121637,git
dpl_Em2UVTedsfiH,ERROR,preview,2026-09-22T00:48:30+00:00,76f54c3,git
dpl_Cd2P6942jiYj,READY,production,2026-09-17T23:30:53+00:00,120c2ea,git
dpl_BZoCjxMLLjt4,READY,production,2026-09-17T23:08:47+00:00,9287083,git
dpl_FZseUJVrFoZD,ERROR,preview,2026-09-17T22:26:34+00:00,7b85888,git
dpl_3hqwh1yd42Dp,READY,production,2026-08-25T21:25:55+00:00,3b0e0d2,redeploy
dpl_C1zCpgt1NPqA,ERROR,production,2026-08-25T19:12:32+00:00,3b0e0d2,redeploy
dpl_8uNJdqojBbEL,ERROR,production,2026-08-25T19:12:18+00:00,3b0e0d2,git
dpl_579YGCnLX4qy,READY,production,2026-08-25T19:04:27+00:00,3aada6e,redeploy
dpl_4jApnaXXTVSK,READY,production,2026-08-25T18:55:55+00:00,3aada6e,redeploy
dpl_JDjNTV3xaBAy,READY,production,2026-08-25T17:31:54+00:00,3aada6e,redeploy
dpl_Qj9D29MZ43oF,READY,production,2026-08-25T10:09:38+00:00,3aada6e,git
dpl_4F3oF11mp8eA,READY,production,2026-08-25T10:00:05+00:00,56183cc,redeploy
dpl_BwGTtUWbxXDg,READY,production,2026-08-25T09:53:02+00:00,56183cc,git
dpl_EsutNwPhTjcw,ERROR,production,2026-08-25T09:39:56+00:00,c82431a,redeploy
dpl_BCvvqfLX62Mx,ERROR,production,2026-08-25T09:39:04+00:00,c82431a,git
dpl_DyEtAL1RGYGk,READY,production,2026-08-25T09:10:38+00:00,0c96994,git
dpl_4jNbrKEzYKsg,READY,production,2026-08-25T08:52:50+00:00,816cb83,redeploy
dpl_3sG5My42SQNJ,ERROR,production,2026-08-25T08:49:09+00:00,816cb83,git
dpl_DZhyRkBvF8Nz,READY,production,2026-08-25T08:33:33+00:00,b4b7afe,git
dpl_2WyC6BR1E8Fk,READY,production,2026-08-25T08:19:45+00:00,36acb52,git
dpl_4XfwJQvjAPkb,READY,production,2026-08-25T07:40:22+00:00,a509eaa,git
dpl_H83L7pJjQJV6,READY,production,2026-08-25T07:33:34+00:00,19bd51e,git
dpl_5XTdvztFY2RE,ERROR,production,2026-08-25T07:31:27+00:00,31b06a9,redeploy
dpl_EmPqXmizM1u7,ERROR,production,2026-08-25T07:26:35+00:00,31b06a9,git
dpl_9LUhHdDfCWXg,ERROR,production,2026-08-25T07:25:59+00:00,1fb86f4,git
dpl_AKhbrmDvU7gG,READY,production,2026-08-25T07:06:37+00:00,478f157,git
dpl_BjGK6Jc4AX1Z,READY,production,2026-08-25T06:29:07+00:00,0465f0e,git
dpl_53rnEzRqRDgm,READY,production,2026-08-25T06:13:43+00:00,317544c,git
dpl_9HC4UHEZskLF,READY,production,2026-08-25T06:04:26+00:00,bfd609b,redeploy
dpl_3EGrbymiTzAE,READY,production,2026-08-25T05:36:46+00:00,bfd609b,git
dpl_4tiZykFofQTy,READY,production,2026-08-25T05:22:34+00:00,d8464f5,git
dpl_FoJDCXp4n2cm,READY,production,2026-08-25T05:08:21+00:00,1e1baeb,git
dpl_AD86uMVAvE7M,READY,production,2026-08-25T04:51:11+00:00,0b03e65,redeploy
dpl_71dn4JGKZzYT,READY,production,2026-08-25T04:41:20+00:00,0b03e65,git
dpl_B5Z1VkScj4u7,READY,production,2026-08-25T03:22:23+00:00,47829f9,git
dpl_BL9EtGr6f2hB,READY,production,2026-08-25T02:55:22+00:00,963cf64,redeploy
dpl_98ufSLaZ5SbT,READY,production,2026-08-25T02:48:36+00:00,963cf64,git
dpl_GHVxS8hm9qKo,READY,production,2026-08-25T02:25:40+00:00,a11620e,git
dpl_G9ChSYXPHCZL,READY,production,2026-08-25T01:41:38+00:00,42aca52,redeploy
dpl_FsUD4S9hAvSN,READY,production,2026-08-25T00:27:44+00:00,42aca52,redeploy
dpl_J86wZjBpBY9k,READY,production,2026-08-24T23:27:30+00:00,42aca52,redeploy
dpl_3n78iArirRSW,READY,production,2026-08-24T21:58:22+00:00,42aca52,redeploy
dpl_8kSwv3i9rRtK,READY,production,2026-08-24T20:14:37+00:00,42aca52,git
dpl_4hhxGRn6s2mh,READY,production,2026-08-24T20:01:19+00:00,29b2644,redeploy
dpl_2qcxgHWgZ9tu,READY,production,2026-08-24T19:57:46+00:00,29b2644,git
dpl_3Vxj2vp4dUZA,READY,production,2026-08-24T19:36:21+00:00,f0c08c7,redeploy
dpl_GjgTfjAAR4b6,READY,production,2026-08-24T19:14:03+00:00,f0c08c7,git
dpl_28gJZA2bcxfS,READY,production,2026-08-24T16:42:55+00:00,9b5ed4b,git
dpl_2sYP9x8DEbQU,READY,production,2026-08-24T14:19:43+00:00,33289b0,git
dpl_B3wJy6bYTsVA,READY,production,2026-08-24T13:26:37+00:00,ab4ad9d,git
dpl_Fqi9qsEoVXwp,READY,production,2026-08-24T04:07:00+00:00,5a49909,git
dpl_Gb61ETuHXJN2,READY,production,2026-08-24T03:36:41+00:00,81624e2,git
dpl_HQTHTgSBaH4x,READY,production,2026-08-24T03:31:36+00:00,9885085,git
dpl_Gqtv6p8xxZM8,READY,production,2026-08-24T01:56:41+00:00,8e2af25,git
dpl_56E8btiqKzhD,READY,production,2026-08-24T01:33:59+00:00,be79836,git
dpl_3MzNCLqv9duP,READY,production,2026-08-23T20:22:01+00:00,3fcf063,git
dpl_4CkaSV8RPXuo,READY,production,2026-08-23T20:21:42+00:00,99935c8,git
dpl_Ffoo2hDuNMnh,READY,production,2026-08-23T19:06:45+00:00,2209e98,git
dpl_CEs5RXLfXtGx,READY,production,2026-08-23T12:53:06+00:00,27b3766,git
dpl_AnVSG2hYwQ93,READY,production,2026-08-23T03:31:59+00:00,4d2cc9f,git
dpl_BT8Ctub8MWNT,READY,production,2026-08-23T03:29:38+00:00,0a57ca0,git
dpl_Fgo5eaTNKKqR,READY,production,2026-08-22T04:53:51+00:00,6fb7801,git
dpl_kkhnK4wCtgNX,READY,production,2026-08-21T23:01:01+00:00,efa34a2,git
dpl_JB7kCcQaztsy,READY,production,2026-08-21T23:00:33+00:00,cb368bb,git
dpl_7BkoP1SZkzjX,READY,production,2026-08-21T22:57:47+00:00,739caf3,git
dpl_AZXiJXSds93E,READY,production,2026-08-21T13:40:49+00:00,d759ad8,redeploy
dpl_9x4aNpq3wnzV,READY,production,2026-08-21T13:09:59+00:00,d759ad8,git
dpl_36a7UdsmQzDJ,READY,production,2026-08-21T07:09:31+00:00,399e186,git
dpl_9chn1ThRphGu,READY,production,2026-08-21T04:33:45+00:00,0a94489,git
dpl_96TttEzTNhuo,READY,production,2026-08-20T22:37:22+00:00,2b67f24,git
dpl_GQn4fertE4ej,READY,production,2026-08-20T21:51:30+00:00,f1bec7a,git
dpl_47hoxYAAKXZx,READY,production,2026-08-20T20:50:04+00:00,8628130,git
dpl_6Ab8CMoGtx38,READY,production,2026-08-19T21:07:19+00:00,5a151cc,redeploy
dpl_JBYowdvLWrAd,READY,production,2026-08-19T21:07:14+00:00,5a151cc,git
dpl_AGrn6NM8QPtv,READY,production,2026-08-19T21:01:28+00:00,c92f97f,redeploy
dpl_7qd6v8zJZqnq,READY,production,2026-08-19T20:53:19+00:00,c92f97f,redeploy
dpl_vRgPSMv87dbe,READY,production,2026-08-18T20:11:03+00:00,c92f97f,redeploy
dpl_EKcVLWMVQ8LM,READY,production,2026-08-18T14:45:01+00:00,c92f97f,git
dpl_FC5gLZGhLDxG,READY,production,2026-08-18T14:38:39+00:00,249b43d,redeploy
dpl_3DewFyUm6PPM,READY,production,2026-08-18T14:22:06+00:00,249b43d,git
dpl_7PAhSweLMiqF,READY,production,2026-08-18T14:16:38+00:00,8946a02,git
dpl_HkNbj7Z4wkqM,READY,production,2026-08-18T13:47:59+00:00,6ca7fc7,git
dpl_H9H4eGrkSdUE,READY,production,2026-08-18T13:12:59+00:00,20d8d0d,git
dpl_GzJgK3ygdzCN,READY,production,2026-08-18T12:38:42+00:00,3597f32,git
dpl_AodARV3GQraN,READY,production,2026-08-18T12:04:35+00:00,e1a9663,git
dpl_Cr7SYbaR1bFU,READY,production,2026-08-18T02:31:30+00:00,4771adb,git
dpl_BArP5yNpYwCz,READY,production,2026-08-18T02:26:05+00:00,2be2caf,git
dpl_D7V6TjHFo5gV,READY,production,2026-08-18T02:23:24+00:00,6cebd70,redeploy
dpl_FyYrApD5P17k,READY,production,2026-08-18T02:06:31+00:00,6cebd70,git
dpl_CuwjRnvjNpYK,READY,production,2026-08-18T01:59:21+00:00,59c73e1,git
dpl_Fw2Hm8EzZ9e1,READY,production,2026-08-18T00:37:32+00:00,8c0e579,git
dpl_CZwEaxx6H6bG,READY,production,2026-08-17T21:48:09+00:00,5fd5f28,git
dpl_FLqpMHj9Da3F,READY,production,2026-08-17T21:35:39+00:00,968d3d9,git
dpl_5rKBuxJZnAH6,READY,production,2026-08-17T20:44:13+00:00,42a78f3,git
dpl_13qZr1ejD12v,READY,production,2026-08-17T20:29:02+00:00,2fa41d4,git
dpl_GNbcEFdrNR3k,READY,production,2026-08-17T20:26:12+00:00,e05159a,git
dpl_9e34XywQdD2p,READY,production,2026-08-17T20:23:03+00:00,167ecbc,git
dpl_46LhJhwEQsRS,READY,production,2026-08-17T20:14:28+00:00,7162fab,git
dpl_GTZbDVd5Lrck,ERROR,production,2026-08-17T19:41:20+00:00,97abc7c,git
dpl_4XaDuCB5mLL5,READY,production,2026-08-17T03:20:55+00:00,a093c2a,git
dpl_6iGHeVpJ2Kpm,READY,production,2026-08-17T03:20:43+00:00,9c4ce7d,git
dpl_EFoHbmEQvF6H,READY,production,2026-08-17T03:20:40+00:00,500e301,git
dpl_63tRQfRwajwx,READY,production,2026-08-17T02:38:45+00:00,3b930b5,git
dpl_8TCY3SeHv1uj,READY,production,2026-08-17T02:38:42+00:00,4b53831,git
dpl_9GqCk4mUTdE3,READY,production,2026-08-17T01:32:48+00:00,4ee9486,git
dpl_xTfyHpPTFXwG,READY,production,2026-08-17T01:32:46+00:00,514c38c,git
dpl_EeyUB1fy557s,READY,production,2026-08-17T01:25:57+00:00,6d7373d,git
dpl_8uckA61vfDpR,READY,production,2026-08-17T01:25:54+00:00,74923ce,git
dpl_8m4dWinW9dWU,READY,production,2026-08-16T23:56:39+00:00,8cf2198,git
dpl_A8NY8JhgHax2,READY,production,2026-08-16T23:56:36+00:00,870d44c,git
dpl_Hrnj6e2NfQYh,READY,production,2026-08-16T21:03:42+00:00,cc29cb2,git
dpl_9n8SwdYZEKpi,READY,production,2026-08-16T21:03:40+00:00,58b55ea,git
dpl_8TEfy57eToBn,READY,production,2026-08-16T20:06:56+00:00,200817b,git
dpl_AwHvQhN54s2T,READY,production,2026-08-16T20:05:20+00:00,095b0db,git
dpl_HcAKNHdBeeZs,READY,production,2026-08-16T20:05:17+00:00,071de98,git
dpl_CrSLnp7NutnQ,READY,production,2026-08-16T13:25:59+00:00,32a4c94,git
dpl_9NYetbc5oWac,READY,production,2026-08-16T04:00:11+00:00,8e630aa,git
dpl_7jFy4JX5SD6r,READY,production,2026-08-16T03:20:21+00:00,8f5c57e,git
dpl_DdJ2pq7JNfmi,READY,production,2026-08-16T03:05:19+00:00,1c1a893,git
dpl_9EYiquYLdSE9,READY,production,2026-08-16T03:02:50+00:00,fd8f13e,git
dpl_92u5XjrgU7v6,READY,production,2026-08-16T02:41:56+00:00,1cd330b,git
dpl_2LEPtUCc67kr,READY,production,2026-08-16T02:02:36+00:00,ec89341,git
dpl_5wYTYscMdczh,READY,production,2026-08-16T01:57:07+00:00,c4bb0d9,git
dpl_9hXf896hbQGj,READY,production,2026-08-16T01:31:55+00:00,441e6bd,git
dpl_8TRrvn4xZBok,READY,production,2026-08-16T00:52:40+00:00,8094e3c,git
dpl_F2qfYW3ZmTw9,READY,production,2026-08-16T00:14:35+00:00,cc1b339,git
dpl_EoLXn9Q1TVEZ,READY,production,2026-08-15T23:37:01+00:00,d4954ff,git
dpl_6nsKRMEfNhLK,READY,production,2026-08-15T23:31:06+00:00,0916816,git
dpl_hMkaXGx5H6X2,READY,production,2026-08-15T22:59:34+00:00,ee5884a,git
dpl_CFYPPfm3bK73,READY,production,2026-08-15T22:23:57+00:00,4db41e5,git
dpl_EmzZeubrnehQ,READY,production,2026-08-15T22:23:31+00:00,66b41e7,git
dpl_77x1gKfoz3ix,READY,production,2026-08-15T21:26:00+00:00,2b2e774,git
dpl_5JFw4cpNyqWF,READY,production,2026-08-15T21:15:41+00:00,6fca4be,git
dpl_AuJUThnhT5Pd,READY,production,2026-08-15T21:11:11+00:00,97cbdc2,git
dpl_B6Wy5bYqLy3F,READY,production,2026-08-15T15:46:13+00:00,097c1f8,git
dpl_HciqbJNNRdT3,READY,production,2026-08-14T18:53:36+00:00,6fe6be6,git
dpl_GmrDMnfgS2Zv,READY,production,2026-08-14T07:32:32+00:00,dbe534c,git
dpl_4szcfFwTJiaG,READY,production,2026-08-14T07:08:01+00:00,c51896e,git
dpl_xzKk6EZ7LYsU,READY,production,2026-08-13T07:40:12+00:00,97a2bb1,git
dpl_FXDLeR9hcyfR,READY,production,2026-08-12T22:46:47+00:00,4a2599c,git
dpl_FJmyQpifx2YQ,READY,production,2026-08-12T22:23:31+00:00,506d1a4,git
dpl_2vJLreX9oYNS,READY,production,2026-08-12T22:19:14+00:00,044d5e8,git
dpl_5VE59w38Ah6Y,READY,production,2026-08-12T22:16:44+00:00,762430f,git
dpl_AGKJELJmXDyN,READY,production,2026-08-12T21:33:18+00:00,66f3dce,git
dpl_9wh4F8Ea19do,READY,production,2026-08-12T21:03:36+00:00,b5db855,git
dpl_HarwfQySfUMM,READY,production,2026-08-12T19:19:35+00:00,1b99b13,git
dpl_HLDBByuZGWoK,READY,production,2026-08-12T19:08:56+00:00,e2123bb,git
dpl_BqGwzmFrL72a,READY,production,2026-08-12T19:00:51+00:00,a2cf8e0,git
dpl_8eXrCJ4TBk92,READY,production,2026-08-12T17:26:47+00:00,f263ac9,git
dpl_6hT254oiUbnP,READY,production,2026-08-12T17:26:08+00:00,aebf695,git
dpl_6k5L53cHKqfx,READY,production,2026-08-11T01:21:08+00:00,272152d,git
dpl_42k3fHCo4NTu,READY,production,2026-08-10T22:49:46+00:00,1426ad7,git
dpl_4qPGBy4TGQGw,READY,production,2026-08-10T22:20:18+00:00,0a90644,git
dpl_AhdXz6ymWRHj,READY,production,2026-08-10T20:27:31+00:00,633116a,git
dpl_2KBHQSg3fxqo,READY,production,2026-08-10T20:24:53+00:00,5725eb5,git
dpl_Eu8CUy2obnVt,READY,production,2026-08-10T13:53:57+00:00,5e36101,git
dpl_Hj3YQDqQxrbK,READY,production,2026-08-09T22:32:22+00:00,e5e3432,git
dpl_Ehk8CbE933cj,READY,production,2026-08-09T21:40:21+00:00,e2cfb5c,git
dpl_A7nPjYFKNuqV,READY,production,2026-08-09T21:37:41+00:00,af0bbbe,git
dpl_6We13ECKxVG7,READY,production,2026-08-09T21:31:22+00:00,4cc59e1,git
dpl_9waqTyJPkSdc,READY,production,2026-08-09T18:50:00+00:00,0a36c10,git
dpl_221hxmS2Zuet,READY,production,2026-08-09T15:30:10+00:00,2ee834b,git
dpl_2HmKshvFJbdL,READY,production,2026-08-09T15:29:58+00:00,1d0aaa9,git
dpl_DxT5Ae44iroQ,READY,production,2026-08-06T14:40:17+00:00,76b896b,git
dpl_DNMpkxpNvF7p,READY,production,2026-08-06T14:38:41+00:00,836b444,git
dpl_2559gHwe5gzs,READY,production,2026-08-05T23:27:24+00:00,2f54c40,git
dpl_DJEmwKYSKNr9,READY,production,2026-08-05T22:19:06+00:00,600d26d,git
dpl_G6N1u6NSRntn,ERROR,production,2026-08-05T22:18:07+00:00,31f6f97,git
dpl_J6i1ygC41BGb,ERROR,production,2026-08-05T22:16:30+00:00,6ec5643,git
dpl_C9K6f5hF9m6A,ERROR,production,2026-08-05T22:14:34+00:00,6f85aa7,git
dpl_E8yG9Et7tVG8,ERROR,production,2026-08-05T19:32:46+00:00,a653249,git
dpl_7RCKdJLVGDGj,ERROR,production,2026-08-05T17:57:25+00:00,47da0cc,git
dpl_5s8Mb3cijXvB,ERROR,production,2026-08-04T19:11:23+00:00,fe0afb4,git
dpl_DarS9XyccuEJ,ERROR,production,2026-08-04T18:56:28+00:00,a4db00e,git
dpl_BAFhsx8mobWb,ERROR,production,2026-08-04T18:25:36+00:00,513a8f7,git
