day,builds_ready,production_ready,canceled,errored
2026-08-04,0,0,0,3
2026-08-05,2,2,0,5
2026-08-06,2,2,0,0
2026-08-09,7,7,0,0
2026-08-10,5,5,0,0
2026-08-11,1,1,0,0
2026-08-12,11,11,0,0
2026-08-13,1,1,0,0
2026-08-14,3,3,0,0
2026-08-15,9,9,0,0
2026-08-16,18,18,0,0
2026-08-17,16,16,0,1
2026-08-18,15,15,0,0
2026-08-19,4,4,0,0
2026-08-20,3,3,0,0
2026-08-21,7,7,0,0
2026-08-22,1,1,0,0
2026-08-23,6,6,0,0
2026-08-24,15,15,0,0
2026-08-25,28,28,0,8
2026-09-17,2,2,0,1
2026-09-22,6,3,0,4
2026-10-01,0,0,3,0
2026-10-02,0,0,1,0
